path	sha256	bytes
GLACIER_results/drill_resume/gl1_cell_e07_s0_T30_lit_i0__hgx03_NVIDIAH200.npz	a35f4345e398cbbf7eeee1e0b9e9b5d35cb84c7c39648eb283a14a6ead90a18f	32000
GLACIER_results/drill_resume/gl1_cell_e07_s0_T30_lit_i1__hgx03_NVIDIAH200.npz	3f5c1546b415b330d3898973c7913fb53ac86c006c9d6bfc8b6a2bb9b6b69463	32000
GLACIER_results/drill_resume/gl1_cell_e07_s0_T30_lit_i2__hgx03_NVIDIAH200.npz	b64be5bc4eaa00aa5f05e197c290980e77a888aaaa5a02013739bb6f4295241c	31984
GLACIER_results/drill_straight/gl1_cell_e07_s0_T30_lit_i0__hgx03_NVIDIAH200.npz	a42944b6158f31c0ee40d8adc7d005524ed2386eeb02597bb2012c41202a1240	32000
GLACIER_results/drill_straight/gl1_cell_e07_s0_T30_lit_i1__hgx03_NVIDIAH200.npz	3d0097d3378ed37cbacbc6ce23089d750387dbeaa9746664a5c0b17553809a38	32000
GLACIER_results/drill_straight/gl1_cell_e07_s0_T30_lit_i2__hgx03_NVIDIAH200.npz	5248c59b2766408543bb6fdb781ec772fc4c8c14c26f150e046f56420f9785f7	32000
GLACIER_results/g2forensic_T15_n32__hgx03_NVIDIAH200.npz	25961d28c528295621cb020bfc37d7bfcbbedb33aa026121066e049599dd9839	13205
GLACIER_results/g2forensic_T30_n256__hgx03_NVIDIAH200.npz	2ce96e3f1094e443ffd98a1ef06e7d5c12823c25044f5d8aae74e6a67e4544d7	13205
GLACIER_results/g2forensic_T30_n256_flom8p7__hgx03_NVIDIAH200.npz	d35354eecd531191355ad9b4a2d9777222f9fadd6e0a3ebdce3e3d25d83c678d	13755
GLACIER_results/g2gate_fit_T15_s9000000_n32__hgx03_NVIDIAH200.npz	2afa18fadc9471299af3298cbe4d42dfafcea1fdf824d6859babee368451578d	6587
GLACIER_results/g2gate_fit_T15_s9000000_n32_flom8p7__hgx03_NVIDIAH200.npz	7fa2fe747055a8a45966052497b68e51dea3f3c5fe3f70b3c1f385b62a5cd6bc	6857
GLACIER_results/g2gate_fit_T30_s9000000_n256_flom8p7__hgx03_NVIDIAH200.npz	d89d96460fc1f8fe049fb117d0998690c43a13713ffe7b40be94b9c073e1d2a0	6857
GLACIER_results/g2gate_pop_s9000000_n256__hgx03_NVIDIAH200.npz	6465012a2ae003fe9b36ca78ccd93217d805e0f495f447fad1667b03565ae0af	25172
GLACIER_results/g2gate_pop_s9000000_n32__hgx03_NVIDIAH200.npz	3b3ea67d353d7ae3ac678faac70f181d08edf4d3fd7f9db6478b759e8a4dd07c	8820
GLACIER_results/gl1_cell_e07_s0_T30_lit_i0__hgx03_NVIDIAH200.npz	8139f6a1b7149a18c996fadf7c6763396b321cea87ada6cd58e450e2bdf7e3af	79040
GLACIER_results/gl1_cell_e07_s0_T30_lit_i1__hgx03_NVIDIAH200.npz	9c5ffeaee8396c0772dc67f375140e6362f8f5d79a45fb20297a92e709895622	79040
GLACIER_results/gl1_cell_e07_s0_T30_lit_i2__hgx03_NVIDIAH200.npz	c8b74b93f5bfca07702d11c1caa24c3107ee37046f666e2de45a4a7dbb1cafdf	79040
GLACIER_results/gl1_cell_e07_s0_T30_lit_i3__hgx03_NVIDIAH200.npz	6638eb6bd504809b8dd5bcf7875ed20bddda934d24bc73b0429b1709c00fa5b4	79040
GLACIER_results/gl1_cell_e07_s0_T30_lit_i4__hgx03_NVIDIAH200.npz	914ce450465cc553ca972c08bb149f954af6695c3b8e508f95911f6de8c1480e	79040
GLACIER_results/gl1_cell_e07_s0_T30_lit_i5__hgx03_NVIDIAH200.npz	a0759f266c686bc8d208cf0fb36cafcec3de92d4745fc81ac949a308c0b3cee7	79056
GLACIER_results/gl1_cell_e07_s1_T30_lit_i0__hgx03_NVIDIAH200.npz	b2ad3cde7d51a28cc5d471df1337196f4d03a6aa556525a7ca238406942c6aed	79040
GLACIER_results/gl1_cell_e07_s1_T30_lit_i1__hgx03_NVIDIAH200.npz	d61849092c302493d3263500b56c1bf95d7dbd3a6100a705498dbdd1fb2a2f69	79040
GLACIER_results/gl1_cell_e07_s1_T30_lit_i2__hgx03_NVIDIAH200.npz	53eba37d3a6ec548d8961e3c43a84e8cc7967b398fe50b79060bc9c8ac04f661	79040
GLACIER_results/gl1_cell_e07_s1_T30_lit_i3__hgx03_NVIDIAH200.npz	5a6058d5443fcfd1b91253a54784affb88e81c32dc29ff8e3408230d3bdc98a9	79040
GLACIER_results/gl1_cell_e07_s1_T30_lit_i4__hgx03_NVIDIAH200.npz	358a86f2770dfc5079ec2bb0058e89130c73f9f8ccb4308cf6c28bf7d13d7bde	79040
GLACIER_results/gl1_cell_e07_s1_T30_lit_i5__hgx03_NVIDIAH200.npz	c6a686b3bebc03546f5d2ebd76879201e5fca742fd25670d2785e65cb2fbfb71	79040
GLACIER_results/gl1_cell_e07_s2_T30_lit_i0__hgx03_NVIDIAH200.npz	03a19c3fb1ad4d49a4e259d280cd87bcc8722f17a4519d97af338de1fd1d0eb4	79024
GLACIER_results/gl1_cell_e07_s2_T30_lit_i1__hgx03_NVIDIAH200.npz	bbdf6589168b770880be65e9f6dd3eb69413561011af5e360d59ef00c3ad62e0	79024
GLACIER_results/gl1_cell_e07_s2_T30_lit_i2__hgx03_NVIDIAH200.npz	534c56712031d95a8cf5bc5bc2cd35df194674c09bbadebf76bd17598fb3b223	79024
GLACIER_results/gl1_cell_e07_s2_T30_lit_i3__hgx03_NVIDIAH200.npz	460250afd5a12de74b8c8f97b14dc526cbf0ebbfc5bc09ddc5177f66811c0657	79024
GLACIER_results/gl1_cell_e07_s2_T30_lit_i4__hgx03_NVIDIAH200.npz	d411cbbbe235cfc5ac7a9b5b3814918534fb00d0af916c94716d9ef129c1755e	79024
GLACIER_results/gl1_cell_e07_s2_T30_lit_i5__hgx03_NVIDIAH200.npz	09c0cde22258052e3c24f953221bd95e39c803e95a444091d7f2e0a5195cea03	79024
GLACIER_results/gl1_cell_e07_s3_T30_lit_i0__hgx03_NVIDIAH200.npz	c84f1bf42fcc6ca5b08a43d40238f932880dac90c3fc26fe2e64c10df8b67581	79056
GLACIER_results/gl1_cell_e07_s3_T30_lit_i1__hgx03_NVIDIAH200.npz	15d0dc9bc9a884ae99c05f5acbf37ed36b0cc6f983a8bf16fa5435136d2e3c8a	79056
GLACIER_results/gl1_cell_e07_s3_T30_lit_i2__hgx03_NVIDIAH200.npz	065e8314032fd3b2b365f192112318703c5a49d5404ca837807bb4fe32ae80b9	79056
GLACIER_results/gl1_cell_e07_s3_T30_lit_i3__hgx03_NVIDIAH200.npz	cae442f67b8446cee3419d8b9624c63474de105ae5f628a3d6679073c5e0bf22	79056
GLACIER_results/gl1_cell_e07_s3_T30_lit_i4__hgx03_NVIDIAH200.npz	53e9c39e1e126bb2558bb32c9c0d61ddab13198dfdd3cc4622b830109235b64f	79056
GLACIER_results/gl1_cell_e07_s3_T30_lit_i5__hgx03_NVIDIAH200.npz	67cbf292329db25127c6d0825ebd9df114b5794d02953356f29d86941ce7f90f	79056
GLACIER_results/gl1_cell_e07_s4_T30_lit_i0__hgx03_NVIDIAH200.npz	dbfa0ffbe4684bc95ad7a5c53c81cb233a6233013ed353737b69a096a83abb46	79040
GLACIER_results/gl1_cell_e07_s4_T30_lit_i1__hgx03_NVIDIAH200.npz	e6f97530b3677fe57e0a2dc814f433fc64cfe4c2f7b7108eccbbe9979528ace4	79040
GLACIER_results/gl1_cell_e07_s4_T30_lit_i2__hgx03_NVIDIAH200.npz	75a1793e61961e3d788b677ea9e8233a5ecada018d1005f0d5e15886fc877ee4	79056
GLACIER_results/gl1_cell_e07_s4_T30_lit_i3__hgx03_NVIDIAH200.npz	87c7b1044125d71856c21aa4c2e8e9790fbd7359fcab44cf1171cd96524f1cc8	79056
GLACIER_results/gl1_cell_e07_s4_T30_lit_i4__hgx03_NVIDIAH200.npz	07c8fa5110a9d8c8fb8d06d31b3da135a41847ee8ca4a261bdaa377525513e32	79056
GLACIER_results/gl1_cell_e07_s4_T30_lit_i5__hgx03_NVIDIAH200.npz	678df96827543362425746747c3123ccc02d57e0b40c3cf657ff6fd4a3e0990b	79056
GLACIER_results/gl1_cell_e07_s5_T30_lit_i0__hgx03_NVIDIAH200.npz	75779c4f07b63d72b7bdfca5f3ae6f1b5bc633845410c8817ca26538f69c6edb	79072
GLACIER_results/gl1_cell_e07_s5_T30_lit_i1__hgx03_NVIDIAH200.npz	620e4ff5dd049d1d85e6ffda5dddc2609ed42d35de616a379d51048615d959a0	79072
GLACIER_results/gl1_cell_e07_s5_T30_lit_i2__hgx03_NVIDIAH200.npz	b4a25b217cf6094ef2c508bc70aba097251aac34de77cf998feb8bf2de7ec721	79072
GLACIER_results/gl1_cell_e07_s5_T30_lit_i3__hgx03_NVIDIAH200.npz	520d30392883a2f702905794e365b0db01d9f3b8a801013d950e996086bced74	79072
GLACIER_results/gl1_cell_e07_s5_T30_lit_i4__hgx03_NVIDIAH200.npz	c0b4aaf0e8441fbc115cf8216d18f87979c6cfb828a106e78b4815c74d4e63b3	79072
GLACIER_results/gl1_cell_e07_s5_T30_lit_i5__hgx03_NVIDIAH200.npz	1bd35760b5243600410afdbdb765602759379116106d1831da3175a15b33ca81	79072
GLACIER_results/gl1_cell_e07_s6_T30_lit_i0__hgx03_NVIDIAH200.npz	ff948d834c5992861d11241c0606aab034ab4e99b1e71f47d5ccf66fef6a09f7	79024
GLACIER_results/gl1_cell_e07_s6_T30_lit_i1__hgx03_NVIDIAH200.npz	7da422c3fd7eec6e56d944570eb46428509b51fa8dbd1181387e183dad6c8fb2	79024
GLACIER_results/gl1_cell_e07_s6_T30_lit_i2__hgx03_NVIDIAH200.npz	c7a843dfe0ffb8c3ba4c16f2598febb53600e2c05a4087c5630c9cdc8745d055	79024
GLACIER_results/gl1_cell_e07_s6_T30_lit_i3__hgx03_NVIDIAH200.npz	3aea6d5196b6fcd9124d1b6ddd8af3d06da08393085f2fe248e3b43656bce36d	79024
GLACIER_results/gl1_cell_e07_s6_T30_lit_i4__hgx03_NVIDIAH200.npz	89b6af737e74c675db2d6e09a452e6e9f3d3aa12e56752e68f4fcd41e7ad42d2	79024
GLACIER_results/gl1_cell_e07_s6_T30_lit_i5__hgx03_NVIDIAH200.npz	3187f4cdfb4c27f76e58c6a637b3343b0c19e2c2c9ab3f370f6295b003f0bf84	79024
GLACIER_results/gl1_cell_e07_s7_T30_lit_i0__hgx03_NVIDIAH200.npz	0f8c7bfe8900068b5f28c3bad8cfd3fa07c2cf83452b27d667bff57b4142b7c2	79088
GLACIER_results/gl1_cell_e07_s7_T30_lit_i1__hgx03_NVIDIAH200.npz	9e8932ba48f8999c68ffdf1b608994c581ab9abd4cb6e5a917427b907fede554	79088
GLACIER_results/gl1_cell_e07_s7_T30_lit_i2__hgx03_NVIDIAH200.npz	485b6b39724d5e0210579df42e4a7ce543d4cc717b1a0c9c66f90add9eb62442	79088
GLACIER_results/gl1_cell_e07_s7_T30_lit_i3__hgx03_NVIDIAH200.npz	bfa93dd67a7241f2cf6c9db586640e38245366220eb1ca96154c0cd1fac8b9f5	79088
GLACIER_results/gl1_cell_e07_s7_T30_lit_i4__hgx03_NVIDIAH200.npz	ed0a5bf94c7a160570a59a72f2be1150759b7bbb42e7a4eaeaeeb48247647830	79088
GLACIER_results/gl1_cell_e07_s7_T30_lit_i5__hgx03_NVIDIAH200.npz	327e4b59deb527f05bddaa2ce63184e1b1da4ea088b061a533a70307021af4a9	79088
GLACIER_results/gl1_cell_none_s0_T30_lit_i0__hgx03_NVIDIAH200.npz	2cbc55399c838f5631654552bc0360a267bf4a78d58b4a413b9ddcff76e676ee	72550
GLACIER_results/gl1_cell_none_s0_T30_lit_i1__hgx03_NVIDIAH200.npz	906afa9c291636ceb67512ae9af32f08d2cc3b2994774c3ec7b650118877fdc4	72566
GLACIER_results/gl1_cell_none_s0_T30_lit_i2__hgx03_NVIDIAH200.npz	724087f5def9c592692d84045825c87c3f30ea9e3613399db4ddce0b4d615797	72566
GLACIER_results/gl1_cell_none_s0_T30_lit_i3__hgx03_NVIDIAH200.npz	e4004b3ae18adc9664655dda7097380818c32f7264297da126aab0d4c1642eac	72566
GLACIER_results/gl1_cell_none_s0_T30_lit_i4__hgx03_NVIDIAH200.npz	27d9e55d9015d3883cc4a3351471464af08d2b524b6d99a58e610f2ab2fb97b7	72566
GLACIER_results/gl1_cell_none_s0_T30_lit_i5__hgx03_NVIDIAH200.npz	f7dbb78e6dca65a0b9096e03d83c2e32b559fc46216af513d1068c1852b9816d	72566
GLACIER_results/gl1_cell_none_s1_T30_lit_i0__hgx03_NVIDIAH200.npz	59b85e3762329f59989ef91584f46246a8b44da973f8c21e93f27db5b0ee2aa3	72550
GLACIER_results/gl1_cell_none_s1_T30_lit_i1__hgx03_NVIDIAH200.npz	a6756a35e49c4eca6ae5d617d7df05a017e86ff76961814634f629f99a94f2e2	72550
GLACIER_results/gl1_cell_none_s1_T30_lit_i2__hgx03_NVIDIAH200.npz	d477fa54625b3ccbf5e33bf81ba94d67497d1afbd9025b9c26a3136f0c7be0cb	72550
GLACIER_results/gl1_cell_none_s1_T30_lit_i3__hgx03_NVIDIAH200.npz	0f7dd91855d1e6a68f87cd77891bde8aeb2fca22ca7445099b4cb421b1508958	72550
GLACIER_results/gl1_cell_none_s1_T30_lit_i4__hgx03_NVIDIAH200.npz	fb61858df3df873b00acc8cfaf34ab97831e86e21ca009ab2e765b321795dee8	72550
GLACIER_results/gl1_cell_none_s1_T30_lit_i5__hgx03_NVIDIAH200.npz	595a2b509a51c6a1cfdbc84a67ce2f30dfeaf105fd83fd2becd5bfc140813cf7	72550
GLACIER_results/gl1_cell_none_s2_T30_lit_i0__hgx03_NVIDIAH200.npz	013e453fd0807895e23788dc6f10eb4ee6ff8ad2cb45ca89c6b8bb41afc80b40	72486
GLACIER_results/gl1_cell_none_s2_T30_lit_i1__hgx03_NVIDIAH200.npz	8b0fb703f5e2ec0df5218705215b4ad551bfd72ab93815950888e6af64368cab	72486
GLACIER_results/gl1_cell_none_s2_T30_lit_i2__hgx03_NVIDIAH200.npz	5185daddde80e7df862860f78aa28c7c0f76dc3022bfd91ff16dd5befe4a8cfd	72486
GLACIER_results/gl1_cell_none_s2_T30_lit_i3__hgx03_NVIDIAH200.npz	9b53f92383dc929b5f9e89d2a4662588979165cac951e61b88da543128882c24	72486
GLACIER_results/gl1_cell_none_s2_T30_lit_i4__hgx03_NVIDIAH200.npz	fb223e637c0211800f25ba24e3dc504b641c2fcb74441c861b540b2a094b0560	72486
GLACIER_results/gl1_cell_none_s2_T30_lit_i5__hgx03_NVIDIAH200.npz	e1eea2749041c167f5532d754cae769c05f2d1dd14bf268adeca132a6a0ace9a	72486
GLACIER_results/gl1_cell_none_s3_T30_lit_i0__hgx03_NVIDIAH200.npz	f8087478c1d5acc11d2c699fa21f5db6a9c0e23184813406fcd74fb82901b5a9	72550
GLACIER_results/gl1_cell_none_s3_T30_lit_i1__hgx03_NVIDIAH200.npz	2b989182520586a0ab2b76c4a19e9df329b3d142aa6234a53989cb3340b6d166	72550
GLACIER_results/gl1_cell_none_s3_T30_lit_i2__hgx03_NVIDIAH200.npz	2a66d7e7130a83319470ecc2e3bdcb888a8005d4fc345a7c3fdef8a97c09dc2f	72550
GLACIER_results/gl1_cell_none_s3_T30_lit_i3__hgx03_NVIDIAH200.npz	dbc3ba9d6ec94961454785395b9387bc19d7ba6a1fae3a974005eb128d07fbbe	72550
GLACIER_results/gl1_cell_none_s3_T30_lit_i4__hgx03_NVIDIAH200.npz	4c3a41ff63cf47158c4c09c2450f005121a6ccb64595233ffeb152a8c10416b7	72550
GLACIER_results/gl1_cell_none_s3_T30_lit_i5__hgx03_NVIDIAH200.npz	60bd0a5e5439d2517b9001058612b62f937d3cd4265ad89998461fa07de839b9	72550
GLACIER_results/gl1_cell_none_s4_T30_lit_i0__hgx03_NVIDIAH200.npz	c5bf5ca67d76fdeb0701de128905f8b9a1b0699a6fd4414717317952b857728a	72518
GLACIER_results/gl1_cell_none_s4_T30_lit_i1__hgx03_NVIDIAH200.npz	786b25a9d6ebfd44231195770283b9e570a70de8f4151a82ee678b7062786583	72518
GLACIER_results/gl1_cell_none_s4_T30_lit_i2__hgx03_NVIDIAH200.npz	24817e9792e3798ec8bf7ad562bc6b83edf152d676fe7e7c694d49375be0159b	72518
GLACIER_results/gl1_cell_none_s4_T30_lit_i3__hgx03_NVIDIAH200.npz	524f6a344b6cc3efd72ec9808a7802cb21d1334f5f0c40114f88efe91c5d249a	72518
GLACIER_results/gl1_cell_none_s4_T30_lit_i4__hgx03_NVIDIAH200.npz	78292111c0e6475d74f43a3805554511a1d21420005465b1f9cf507bd1dc8472	72518
GLACIER_results/gl1_cell_none_s4_T30_lit_i5__hgx03_NVIDIAH200.npz	3750f946186beaa15581c752f788167126f3bfb9cad9354c42314cc3c58add53	72518
GLACIER_results/gl1_cell_none_s5_T30_lit_i0__hgx03_NVIDIAH200.npz	d5209c1bbae59820d3b51732f633346529a277dfbf7b258d8fa0a533e9f704d0	72566
GLACIER_results/gl1_cell_none_s5_T30_lit_i1__hgx03_NVIDIAH200.npz	d3a5bbff39ccf891d164eb61b452d1aa6231f2ecebcfe65a092b25e43b52f126	72566
GLACIER_results/gl1_cell_none_s5_T30_lit_i2__hgx03_NVIDIAH200.npz	8125f99b95e9305f7a074e80bf985f941aa77a4b78d93b73f5b02b81c0dc55e5	72566
GLACIER_results/gl1_cell_none_s5_T30_lit_i3__hgx03_NVIDIAH200.npz	2cbd577d45082c565e6627f6e2f11eb2868afdbd7da7b26870ab1be7bd915a4d	72566
GLACIER_results/gl1_cell_none_s5_T30_lit_i4__hgx03_NVIDIAH200.npz	9b859390cde98717770e462b3bf76955eddfeb8bebb94124cc0897f65f63ae90	72566
GLACIER_results/gl1_cell_none_s5_T30_lit_i5__hgx03_NVIDIAH200.npz	31cf2704d136eca43e91b2dc7e92ceb775b4b579dae2fedcb886a14218ec043d	72566
GLACIER_results/gl1_cell_none_s6_T30_lit_i0__hgx03_NVIDIAH200.npz	b98119818c5bc449eb999ffabc792504f3bf8420df6682a7616aca31e89ca5d0	72550
GLACIER_results/gl1_cell_none_s6_T30_lit_i1__hgx03_NVIDIAH200.npz	e14d498d9653977f6a13e1ca54dee9a1ba2d7000f0df16e5ab559b662152e3b1	72550
GLACIER_results/gl1_cell_none_s6_T30_lit_i2__hgx03_NVIDIAH200.npz	f999ce99262ec9fb8e80fae5710cd16fec5f28d60bc51ce2167ba703a0db29c7	72550
GLACIER_results/gl1_cell_none_s6_T30_lit_i3__hgx03_NVIDIAH200.npz	807923da3aa22a0ac2a0d8d8c1ca844126c9d01bc7c21c5442b0c24615159f38	72550
GLACIER_results/gl1_cell_none_s6_T30_lit_i4__hgx03_NVIDIAH200.npz	b57ca5aeb3b0e92dd7c9b3aa26ab07f40b6a8dcdce8df176fcb02c2855c21335	72550
GLACIER_results/gl1_cell_none_s6_T30_lit_i5__hgx03_NVIDIAH200.npz	72b8e16f579c4a1a8c85addab1a75cbf00febbc846cbafc440321ca390261091	72550
GLACIER_results/gl1_cell_none_s7_T30_lit_i0__hgx03_NVIDIAH200.npz	e849d98eaee779a463166ee0098b5313e77c08c3b6d9648049bfa8e088aadb4d	72534
GLACIER_results/gl1_cell_none_s7_T30_lit_i1__hgx03_NVIDIAH200.npz	7cd4be15b02a0835301c0e08320bc050a9945c0df2391a210a99d56a3d4bdca2	72550
GLACIER_results/gl1_cell_none_s7_T30_lit_i2__hgx03_NVIDIAH200.npz	b7542dec57ba0ca596981ce03c5919e07ba66a47ae6643c687a3cf284c601b47	72550
GLACIER_results/gl1_cell_none_s7_T30_lit_i3__hgx03_NVIDIAH200.npz	f9e8118e304ac00abe63a2d398ea89dc6db5fd2039bafc5d526fa05ebc988e76	72550
GLACIER_results/gl1_cell_none_s7_T30_lit_i4__hgx03_NVIDIAH200.npz	248678d14d61e81d5a644072e73f81a66a716567e5c401b89c5613285b622416	72550
GLACIER_results/gl1_cell_none_s7_T30_lit_i5__hgx03_NVIDIAH200.npz	85d9598e0f5e287630680062a32593a699a3a1e137cc92862335f5433ff478aa	72550
GLACIER_results/gl1_null0_e07_s0_T30_lit_i0__hgx03_NVIDIAH200.npz	8c97053ba6aa995013b188ffc355ebc1e0ee5499a8428e0c196799f65055854f	79040
GLACIER_results/gl1_null0_e07_s0_T30_lit_i1__hgx03_NVIDIAH200.npz	a839026438e4225b04afaa179549303c5993b3c67b6d7a0fd9c962dae2ccd383	79040
GLACIER_results/gl1_null0_e07_s0_T30_lit_i2__hgx03_NVIDIAH200.npz	068f55232bdd5c984ea253a02d3c06c43b24284b4db431840a823676c9e59716	79040
GLACIER_results/gl1_null0_e07_s0_T30_lit_i3__hgx03_NVIDIAH200.npz	f94299ee880dcdd4b16e6786c8aa44e790e671d5b7b40af32ed9de39e54d3468	79040
GLACIER_results/gl1_null0_e07_s0_T30_lit_i4__hgx03_NVIDIAH200.npz	f4fe33b903eec267c80d8106e881e80c6529d745159f265b5ee691bd6b763e30	79040
GLACIER_results/gl1_null0_e07_s0_T30_lit_i5__hgx03_NVIDIAH200.npz	e840c5aae3de1b5114297786a4445075874975079b46227b7cf894337bfb4da6	79056
GLACIER_results/gl1_null0_e07_s1_T30_lit_i0__hgx03_NVIDIAH200.npz	b573255c26bbce581e29d614ff03fd9cc2dbf9eee619b459a7194563ae3d4e42	79040
GLACIER_results/gl1_null0_e07_s1_T30_lit_i1__hgx03_NVIDIAH200.npz	b992c08f6daee6f23f7733b0ba63ea6a7a8bf4d8f4f128a0b296878cb6fda140	79040
GLACIER_results/gl1_null0_e07_s1_T30_lit_i2__hgx03_NVIDIAH200.npz	3d314e955dbc82d536b0d8b92f25f3d24c2de39a53aa46c4c6c030f573fef456	79040
GLACIER_results/gl1_null0_e07_s1_T30_lit_i3__hgx03_NVIDIAH200.npz	e58a626b114edfbbda814e04f95b0ad119d2ae392894eab7a828ad161bfbf7a9	79040
GLACIER_results/gl1_null0_e07_s1_T30_lit_i4__hgx03_NVIDIAH200.npz	38db72fb6d42c3e0057938ceaf237647785331ac418ab644b138ef2a9373d55b	79040
GLACIER_results/gl1_null0_e07_s1_T30_lit_i5__hgx03_NVIDIAH200.npz	66f85074fdcdf2e82764b6f74e3f0e659d891c14f375518a425fc5f1a146c573	79040
GLACIER_results/gl1_null0_none_s0_T30_lit_i0__hgx03_NVIDIAH200.npz	7db1412859e88220b903bbce0b140d549636667a3ba03ff941a4674fb9d60df6	72534
GLACIER_results/gl1_null0_none_s0_T30_lit_i1__hgx03_NVIDIAH200.npz	ac461445717e0d0a7972c08d797f8a785a0ec5b5510342355e6789b8853de2c6	72534
GLACIER_results/gl1_null0_none_s0_T30_lit_i2__hgx03_NVIDIAH200.npz	78ffc6edeaa85539c6d046d98cdfc620355a5b64bb900f276313924952ef7f75	72534
GLACIER_results/gl1_null0_none_s0_T30_lit_i3__hgx03_NVIDIAH200.npz	ee3f569430e08232768789b50362316aa1a62eb70b729d9ec59b8467bcad7d9b	72534
GLACIER_results/gl1_null0_none_s0_T30_lit_i4__hgx03_NVIDIAH200.npz	a56e51753df9635ea9ef6aea46fe96b05cc2e29356443f3659c96870cc616b69	72534
GLACIER_results/gl1_null0_none_s0_T30_lit_i5__hgx03_NVIDIAH200.npz	6dc675e9629bc0bc1eccbbab1c35e63245ce183838cda1ed62e781d7564ff40a	72534
GLACIER_results/gl1_null0_none_s1_T30_lit_i0__hgx03_NVIDIAH200.npz	157a3549a7680f0baff5dfb07b062f595bf8ccc4bf126c0ddfcd9723d8d81eb2	72534
GLACIER_results/gl1_null0_none_s1_T30_lit_i1__hgx03_NVIDIAH200.npz	8fb6ec86777062b551dc691ba7d8ad2ceebe3c105aa75217f4574ea56a897e9d	72534
GLACIER_results/gl1_null1_e07_s0_T30_lit_i0__hgx03_NVIDIAH200.npz	ad6f47f8585f5fb1281a6187effd526b00d056a98ebd0171491331bf01e35bb4	79056
GLACIER_results/gl1_null1_e07_s0_T30_lit_i1__hgx03_NVIDIAH200.npz	c78146d124f947a4ad8fa22091629cfc1419e307b3a0e7d64af9a5c1465bbfa6	79056
GLACIER_results/gl1_null1_e07_s0_T30_lit_i2__hgx03_NVIDIAH200.npz	7682803011bcbbe9bb37d00d025f97c8fed64c0458a986fc6858ad3fb297be77	79056
GLACIER_results/gl1_null1_e07_s0_T30_lit_i3__hgx03_NVIDIAH200.npz	4fe9ff8ebc8de5a0a9e5b644c1aa0dfdeebfa20f68ab26e2a259c0c4acb5c180	79056
GLACIER_results/gl1_null1_e07_s0_T30_lit_i4__hgx03_NVIDIAH200.npz	48ab922c65921636d3950f7ca36030060882672b6c551406a2bb4744d134dbf5	79056
GLACIER_results/gl1_null1_e07_s0_T30_lit_i5__hgx03_NVIDIAH200.npz	4a7b8a7ddf8ffab54f60e2c8e8c97de08497278e7fdeac7f218dc4b3a8102b8c	79056
GLACIER_results/gl1_null1_e07_s1_T30_lit_i0__hgx03_NVIDIAH200.npz	265a683dba659046c3e1aecfb6c37fc0f9b583fded3686dbe98da5e09595c944	79040
GLACIER_results/gl1_null1_e07_s1_T30_lit_i1__hgx03_NVIDIAH200.npz	693de8d2a09abc1d8a1c4bc76c443e49bc16bdbb02f09dbb884fe0ce1ea7d417	79040
GLACIER_results/gl1_null1_e07_s1_T30_lit_i2__hgx03_NVIDIAH200.npz	258e07505a463eb48059fa7574238a0a855c51f1be2165e4e66f4cca884533b5	79040
GLACIER_results/gl1_null1_e07_s1_T30_lit_i3__hgx03_NVIDIAH200.npz	8e4bef9e5ef1cdcb86d721bd7d8eb782a63f13aac80c981f29b042268ae1ab37	79040
GLACIER_results/gl1_null1_e07_s1_T30_lit_i4__hgx03_NVIDIAH200.npz	de79a1832809ff07e018f9abdfe1cc6270ecb4615de16d83fe5acb36205480c1	79040
GLACIER_results/gl1_null1_e07_s1_T30_lit_i5__hgx03_NVIDIAH200.npz	70d1acafce725b8c01957484fd929f52885bdce20764cd7160a3e5d9c9671fdb	79040
GLACIER_results/gl1_null1_none_s0_T30_lit_i0__hgx03_NVIDIAH200.npz	4e4ccc09fe38a7b218859c6ab92e986d123e3d314041fd1f32d513aacce61ca6	72534
GLACIER_results/gl1_null1_none_s0_T30_lit_i1__hgx03_NVIDIAH200.npz	e2fd55cc7f6015a225c3aee24d7be59de306de7974083ed666f9bb5eda31026b	72534
GLACIER_results/gl1_null1_none_s0_T30_lit_i2__hgx03_NVIDIAH200.npz	5b7839bf6aaa60096b67778345697c0f33fc9e61aa9891140b92c6d512bd7b42	72534
GLACIER_results/gl1_null1_none_s0_T30_lit_i3__hgx03_NVIDIAH200.npz	bf6b965a7bf6ebb050f5a7b3869bc0f4bd468ddec443e6d31788cd98b4390f63	72534
GLACIER_results/gl1_null1_none_s0_T30_lit_i4__hgx03_NVIDIAH200.npz	3629a6db8e7eb88a68e8bd877e58a224bfdb1b3328b284332f63d9fd1874cd08	72534
GLACIER_results/gl1_null1_none_s0_T30_lit_i5__hgx03_NVIDIAH200.npz	495c2ebd4b064bdfe061e30de444eb525ebd26a8b71cb11f1f2c18d86dea8d51	72534
GLACIER_results/gl1_null1_none_s1_T30_lit_i0__hgx03_NVIDIAH200.npz	b8f4300af828da4d5b954aaa768919be99f5813d510bccd6646963c691ddc5b7	72534
GLACIER_results/gl1_null1_none_s1_T30_lit_i1__hgx03_NVIDIAH200.npz	3bc6c34cf10c64a11d67cfcb2855427f1e5775cb59b3db7b535f17ce47bcf10c	72534
GLACIER_results/gl1_null1_none_s1_T30_lit_i2__hgx03_NVIDIAH200.npz	18790d1e697d130a6d6ada33d0685a41cdcd77cec31eb5238e712c4611a10956	72534
GLACIER_results/gl1_null1_none_s1_T30_lit_i3__hgx03_NVIDIAH200.npz	461e6c9985d3285c2bff70da7de03251946995a1101344fa3a483ddb6bdaa8fc	72534
GLACIER_results/gl1_null1_none_s1_T30_lit_i4__hgx03_NVIDIAH200.npz	ca32e814e7af592096f2c8b416dc30a0957bcbe8286e9c7b0e2231a13e1f6c95	72534
GLACIER_results/gl1_null1_none_s1_T30_lit_i5__hgx03_NVIDIAH200.npz	dd276de52367daf150da87edc905a7fdf01465d1bed1e2183c75db0c2a7dd3e5	72534
GLACIER_results/gl1_null2_e07_s0_T30_lit_i0__hgx03_NVIDIAH200.npz	f0be70b7c0ffbf39d3a7eecdb00fe308cd29fee2d0a4755f13a445e33640c84b	79072
GLACIER_results/gl1_null2_e07_s0_T30_lit_i1__hgx03_NVIDIAH200.npz	66802c6e9bc4aeb4bb07461d9048cbf9452ac6f35eb2a0d691826d094e0b4100	79072
GLACIER_results/gl1_null2_e07_s0_T30_lit_i2__hgx03_NVIDIAH200.npz	48d0345ca4fdf7f5deff52a6c24ac088f5c0e31bac725d62799f5bf0332d7a06	79072
GLACIER_results/gl1_null2_e07_s0_T30_lit_i3__hgx03_NVIDIAH200.npz	ae53babc5c97aaa4773b932e232c2dfb3495bca590435c7d080f1e49527cd83d	79072
GLACIER_results/gl1_null2_e07_s0_T30_lit_i4__hgx03_NVIDIAH200.npz	480593ac3506dc092e8d8eb5ba744e122a4837f2743a3b161e3dafff69a8cc8a	79072
GLACIER_results/gl1_null2_e07_s0_T30_lit_i5__hgx03_NVIDIAH200.npz	80c4660dab465e6a63d7b0bdd5214d705083b3962965ef199c935e3b7952e2a2	79072
GLACIER_results/gl1_null2_e07_s1_T30_lit_i0__hgx03_NVIDIAH200.npz	9891154623028f5f493a34bd9dcf7284c46affad2888e7d48c7709afe24d1377	79040
GLACIER_results/gl1_null2_e07_s1_T30_lit_i1__hgx03_NVIDIAH200.npz	eed95e8060a8cdf08ec6a596221b102a5963c4a494e6d561abdf8a7262174797	79040
GLACIER_results/gl1_null2_e07_s1_T30_lit_i2__hgx03_NVIDIAH200.npz	dfbebae405aa3639e8651c4546d1f38306d257e4d501914453ac599ca1c5afb4	79040
GLACIER_results/gl1_null2_e07_s1_T30_lit_i3__hgx03_NVIDIAH200.npz	31a1d1582334a008fa8c7f0b5e124b974a6248fc283fc97a36d5774c25b0e856	79040
GLACIER_results/gl1_null2_e07_s1_T30_lit_i4__hgx03_NVIDIAH200.npz	77848aad7872fe81dd024bf3aec58b1d2b901f530494ea78ee8cc11f0036489b	79040
GLACIER_results/gl1_null2_e07_s1_T30_lit_i5__hgx03_NVIDIAH200.npz	29d2592e491ec9e104ead20920a28e9328993b26754e9e7242c26af2803c3913	79040
GLACIER_results/gl1_null2_none_s0_T30_lit_i0__hgx03_NVIDIAH200.npz	01e3c3bee78fd141e8223e0a58e125e8ad2343587fde409c39aee286ef1863a5	72534
GLACIER_results/gl1_null2_none_s0_T30_lit_i1__hgx03_NVIDIAH200.npz	06b22aa5f88c88dd8a08a51da064bd9cf284e8fa536a2dd0601e9ee8fb7fde42	72550
GLACIER_results/gl1_null2_none_s0_T30_lit_i2__hgx03_NVIDIAH200.npz	eb3fc54a13eb845444b2577ba5bf382c8525bd8017bc013a7353c539a28e3f72	72550
GLACIER_results/gl1_null2_none_s0_T30_lit_i3__hgx03_NVIDIAH200.npz	6d9ae444d48f8828659b29ae9669ca9e93d39e7e2f72003601e8d53b88da026d	72550
GLACIER_results/gl1_null2_none_s0_T30_lit_i4__hgx03_NVIDIAH200.npz	eb19ea2ec685121faa5fe1f6e3f0b826c5d2e9fac5d5ac33eec05f03eb94b7bc	72550
GLACIER_results/gl1_null2_none_s0_T30_lit_i5__hgx03_NVIDIAH200.npz	337f80a06e67ac2a7475b940d09862d2651739966538ec27a1febac5bbe97bb0	72550
GLACIER_results/gl1_null2_none_s1_T30_lit_i0__hgx03_NVIDIAH200.npz	4cc9cb642571e94f9e27357541ed98555abb5f8ae38e91b0a11234aa2551b639	72518
GLACIER_results/gl1_null2_none_s1_T30_lit_i1__hgx03_NVIDIAH200.npz	108c84e4d5dbb484b155626ebf33a1536b0d0ebddc7bf9202e9e00a939bc8985	72518
GLACIER_results/gl1_null2_none_s1_T30_lit_i2__hgx03_NVIDIAH200.npz	d34913266a57f4b3c27d1d66a7e1629ae8fcb052a8e652e22fa2205bb042bda1	72518
GLACIER_results/gl1_null2_none_s1_T30_lit_i3__hgx03_NVIDIAH200.npz	7986521b6bdef21de5c5fb537c4aa0c333e6ab04bbfeb65217aca623186171b2	72518
GLACIER_results/gl1_null2_none_s1_T30_lit_i4__hgx03_NVIDIAH200.npz	5f8817c1e424e57bcfd21f9ad33e3f75cb92da7ca29158e4f4aa345dfed239fb	72518
GLACIER_results/gl1_null2_none_s1_T30_lit_i5__hgx03_NVIDIAH200.npz	84ad4de8776b2a397b69c174f00770f0d5ccf765d17c329c47c4e8a629651ec4	72518
GLACIER_results/gl1_null3_e07_s0_T30_lit_i0__hgx03_NVIDIAH200.npz	0147ed48b2e423e8fdf758e6b07d97fe9bd4cabacfe80b7c49156720eb5a5eff	79056
GLACIER_results/gl1_null3_e07_s0_T30_lit_i1__hgx03_NVIDIAH200.npz	9b4322bf6ddef5e1779b8635cd37868b0643a3a5ed6460576c9c1c511f51e747	79056
GLACIER_results/gl1_null3_e07_s0_T30_lit_i2__hgx03_NVIDIAH200.npz	033cb2882d9bf272a3717c017e7cecea44989aee65cb383189309964e4044aac	79056
GLACIER_results/gl1_null3_e07_s0_T30_lit_i3__hgx03_NVIDIAH200.npz	4d20cad6dcc7c6f14cecb1bedb84846e9052b1ff5ac9e4fb157306e4d5f2e3bd	79056
GLACIER_results/gl1_null3_e07_s0_T30_lit_i4__hgx03_NVIDIAH200.npz	0da4467a6ea6d6b840e7c6b7708f97df9b07bb61f57c42dbc74a16f35f352b96	79056
GLACIER_results/gl1_null3_e07_s0_T30_lit_i5__hgx03_NVIDIAH200.npz	a0a3e642147c962e117c94504b917d662312f8b943395119225a6fe054d57786	79056
GLACIER_results/gl1_null3_e07_s1_T30_lit_i0__hgx03_NVIDIAH200.npz	ed9812a1f32fe403de48540d74e0c12e3197ed455dc942c36113a207f36f6dc5	79040
GLACIER_results/gl1_null3_e07_s1_T30_lit_i1__hgx03_NVIDIAH200.npz	1361b6a67702495c5c44efe9cd769a07e3fe118eda33e1da377f60639ca76036	79040
GLACIER_results/gl1_null3_e07_s1_T30_lit_i2__hgx03_NVIDIAH200.npz	2edba22148f124747d5d879f41fbd6d0faf19e4cb627e82457b3cdba566a3474	79040
GLACIER_results/gl1_null3_e07_s1_T30_lit_i3__hgx03_NVIDIAH200.npz	7a8676f710cb46feb8bf0a1752fe80b9327304150fa715f905828b6cca2c5ce4	79040
GLACIER_results/gl1_null3_e07_s1_T30_lit_i4__hgx03_NVIDIAH200.npz	447de562fcff9e28cd5206d7db8298f8fe95800f50ae34e84fa70c2259d8cd34	79040
GLACIER_results/gl1_null3_e07_s1_T30_lit_i5__hgx03_NVIDIAH200.npz	96bf82f89fb92b0f326f78f32862e8b1ddba8afef8b265a414ad69fe97bcd35d	79040
GLACIER_results/gl1_null3_none_s0_T30_lit_i0__hgx03_NVIDIAH200.npz	b39147bebc3cbab5c65b20ebdb505eaaa3c447391b68bc073967b25b515650a0	72550
GLACIER_results/gl1_null3_none_s0_T30_lit_i1__hgx03_NVIDIAH200.npz	ed8a798e60b9f23109574b33996e69e4a0967fac836665507d069415690a3961	72506
GLACIER_results/gl1_null3_none_s0_T30_lit_i2__hgx03_NVIDIAH200.npz	a74dc5646d63e87cc10ee7363648e6af561fc3b67647190df5a1d006525dafff	72506
GLACIER_results/gl1_null3_none_s0_T30_lit_i3__hgx03_NVIDIAH200.npz	67bd389f60883866b59cb72121e514226b2b43de448dece0d54f53b95bf31685	72506
GLACIER_results/gl1_null3_none_s0_T30_lit_i4__hgx03_NVIDIAH200.npz	420cbaa2253927e59732644287db7ff13cf7c9a9b6a73e9f399048b5bd1cda81	72506
GLACIER_results/gl1_null3_none_s0_T30_lit_i5__hgx03_NVIDIAH200.npz	31d8b1be4115abed942b2da244438b43065fca4d79c81afe5b4dcd98761b2cd7	72506
GLACIER_results/gl1_null3_none_s1_T30_lit_i0__hgx03_NVIDIAH200.npz	bec1719b147caa5353e9cec9311c35090f4ce109f8ad26edf54ed2eee0c93045	72518
GLACIER_results/gl1_null3_none_s1_T30_lit_i1__hgx03_NVIDIAH200.npz	3e329b4920c3a968a2a52df00adabbbabb7028072302e945295e36737244bbf6	72518
GLACIER_results/gl1_null3_none_s1_T30_lit_i2__hgx03_NVIDIAH200.npz	6a1513d3e15325afb206c03aa42c417433c4845115300397d0655761275f42ee	72518
GLACIER_results/gl1_null3_none_s1_T30_lit_i3__hgx03_NVIDIAH200.npz	c75817a55f93cd88eccaa68e64e901f574cab49eaf2f278dfe903ae2268ebe7d	72518
GLACIER_results/gl1_null3_none_s1_T30_lit_i4__hgx03_NVIDIAH200.npz	ca1425e953197ba8908a576c0334c43ced6389cdc5ea02ab3e750ca593154597	72518
GLACIER_results/gl1_null3_none_s1_T30_lit_i5__hgx03_NVIDIAH200.npz	0ab8df32d9e922085a54b493d4c3cec87ea710d29f06ea4f4a8487762132e2a1	72518
GLACIER_results/gl1_null4_e07_s0_T30_lit_i0__hgx03_NVIDIAH200.npz	2642960f02c067d0b2a2b26060cdeb7ab3bb6739bd182abcdd0d70d437e5ee8b	79056
GLACIER_results/gl1_null4_e07_s0_T30_lit_i1__hgx03_NVIDIAH200.npz	198531fab9c4dbd20f9a4984d160180eba238c6cd341f919311be045229f2cb1	79056
GLACIER_results/gl1_null4_e07_s0_T30_lit_i2__hgx03_NVIDIAH200.npz	5fa6723ee4a88ce5781fb3b9359ebfdf6392fac6b425a3622ed2a7e386028af9	79056
GLACIER_results/gl1_null4_e07_s0_T30_lit_i3__hgx03_NVIDIAH200.npz	0ecb23fa460441e25af1332f040aa4cbe3b1b9150e1114594826e3297362dfd0	79056
GLACIER_results/gl1_null4_e07_s0_T30_lit_i4__hgx03_NVIDIAH200.npz	3e5c54f6f5e43c71a5cd34d513f7136e2a407a3d9b91725b64b8c8f09d1950bc	79056
GLACIER_results/gl1_null4_e07_s0_T30_lit_i5__hgx03_NVIDIAH200.npz	bcd4397b2db1d01cc0ed705dc730e1dbce849f736ca5612791172115ba665b26	79056
GLACIER_results/gl1_null4_e07_s1_T30_lit_i0__hgx03_NVIDIAH200.npz	0d678ad32ba4322a9b35bcbddb80b1de0522010bdedbe513c94700db7cc69ab6	79024
GLACIER_results/gl1_null4_e07_s1_T30_lit_i1__hgx03_NVIDIAH200.npz	499cbf55563b2ad70aa869fa014ce92713985defc7d7ea41fc93b48e4776afd1	79024
GLACIER_results/gl1_null4_e07_s1_T30_lit_i2__hgx03_NVIDIAH200.npz	2ea0727c92439164ad858183889d4d2d96ec8fdf693dbd05ea43967035548690	79024
GLACIER_results/gl1_null4_e07_s1_T30_lit_i3__hgx03_NVIDIAH200.npz	2da1c5ad756e435659a743a80efe8bbb21f11471c81193dabbdc86a92d1f86ee	79024
GLACIER_results/gl1_null4_e07_s1_T30_lit_i4__hgx03_NVIDIAH200.npz	4a807eac2220df836352bfbdcc3732d71ea7572147e2c6479570bea454dc8c24	79024
GLACIER_results/gl1_null4_e07_s1_T30_lit_i5__hgx03_NVIDIAH200.npz	c0ccd235b9e3edb58460bde489760c3606b3a959aa4a5410f853d06ef7ed463d	79024
GLACIER_results/gl1_null4_none_s0_T30_lit_i0__hgx03_NVIDIAH200.npz	1aba1ba728c7fade911143e17c18183ecd607fcde7fb8a626dd57f246e64d4c0	72506
GLACIER_results/gl1_null4_none_s0_T30_lit_i1__hgx03_NVIDIAH200.npz	c551b1b41d92e304b0fcf885d8586a11382bcad4c8eb5320e91c4831943a5ece	72506
GLACIER_results/gl1_null4_none_s0_T30_lit_i2__hgx03_NVIDIAH200.npz	b377dae93a2552b4ef29ad461c16b548e82baea75827a5c29a844f245fa2becb	72506
GLACIER_results/gl1_null4_none_s0_T30_lit_i3__hgx03_NVIDIAH200.npz	7df2ef02764086745abede716cb60485472652003dad55bd6ac00d9a76ea5abe	72550
GLACIER_results/gl1_null4_none_s0_T30_lit_i4__hgx03_NVIDIAH200.npz	9437bf587246dafe8780aed41584f20a1ead6c9c058eb326c1fea8b48979e14b	72550
GLACIER_results/gl1_null4_none_s0_T30_lit_i5__hgx03_NVIDIAH200.npz	b52e1913ff849082025a9f3a6746ad09930f9548eed2eb7fb79e8b08d35f0fc4	72550
GLACIER_results/gl1_null4_none_s1_T30_lit_i0__hgx03_NVIDIAH200.npz	8822ee7e602b92c9fed3e51e117c2a651939ecf4194f96ba5df5ef6f1259c1a1	72518
GLACIER_results/gl1_null4_none_s1_T30_lit_i1__hgx03_NVIDIAH200.npz	c575dbb218570597f25cd822c8ac6afcfde31bd35502cb080fd4752509bbfeb0	72518
GLACIER_results/gl1_null4_none_s1_T30_lit_i2__hgx03_NVIDIAH200.npz	a4a55b9632c63499209f0c4681d416f3b6aa42f3d32a9d893cc4b8c226d4692e	72518
GLACIER_results/gl1_null4_none_s1_T30_lit_i3__hgx03_NVIDIAH200.npz	af15e3ed224d14a80e8efefb9e1b1db4e1712c1604659af8d92014b07eff1c84	72518
GLACIER_results/gl1_null4_none_s1_T30_lit_i4__hgx03_NVIDIAH200.npz	22626b5f04486d9c1e68e208e9889aba64dfae99d5ec53f7ef9f3fcec3d2f364	72518
GLACIER_results/gl1_null4_none_s1_T30_lit_i5__hgx03_NVIDIAH200.npz	1ac11d314344ddd364f47005f7ccef6f3d39724b5335503053bd291b8700bc83	72518
GLACIER_results/gl2_d1_mechanism__hgx03_NVIDIAH200.npz	29a4324a1c7b396e547a345ae442f37901c3f6ca4b72bb2b652ce01bda9c920e	132088
GLACIER_results/gl2_d2_kill_ck_s0_i0.npz	fa6e641b3936d2bbe7f10e34e5c6fcd7d7ff3526612ddb0e88c5a0c13713bb6a	2398
GLACIER_results/gl2_d2_kill_ck_s0_i1.npz	0d3660d761a718a52fb2921c74cc94b4db94b063dcfcf5aabc7a795d9366f082	2446
GLACIER_results/gl2_d2_kill_ck_s0_i3.npz	49c4b05ae02c526db77673af93ec4037b2b92a540ab597813bb7a19c9e51748e	2446
GLACIER_results/gl2_d2_kill_ck_s0_i4.npz	2337649a126c3b71b21138ff4d39fc7052a3f91ea59aa9e74940fa2ce5aa372f	2470
GLACIER_results/gl2_d2_kill_ck_s0_i5.npz	1b1daaa17433ff8be308392afea0f960eaec0c0db5c05ce9d4b309b9d231f98a	2422
GLACIER_results/gl2_d2_kill_ck_s1_i2.npz	c3e65e8f06324837a14172a6659ebedca11b899a0506a0f754c0934f9d8a0ac7	2254
GLACIER_results/gl2_d2_kill_ck_s1_i3.npz	eda0764b8379d408b0efce2774d575bf2bd16a843afed33e844658815b679f42	2278
GLACIER_results/gl2_d2_rigidity_kill__dgx03_NVIDIAA100-SXM4-80GB.npz	ecaf93904efab7d976009444d97260dfc9158813440891b774b9013f762a4a91	21379
GLACIER_results/gl2_d2_stops__dgx03_NVIDIAA100-SXM4-80GB.npz	b0d3b9e62d66c46e39e252aadcb284628a7107fea15441dbba658aa52d9a69ef	13481
GLACIER_results/gl2_feedlayer_scope.npz	74a37cc9988b55449a26ae3f72487b692dcba8915e507066464fc4c04257038e	6372
GLACIER_results/gl2_ladder_gates__gw01_noGPU.npz	ce0003018e6226d8f14f576af11f8a111af224e12260d17766f2c57587515118	7188
GLACIER_results/gl2_r13p25_cell_e07_s0_T30_lit_i0__dgx03_NVIDIAA100-SXM4-80GB.npz	0e06e1fee6c807cbb9961ccbf2fd5dc559c4dd5a148644f097e52630b20ba708	81844
GLACIER_results/gl2_r13p25_cell_e07_s0_T30_lit_i1__dgx03_NVIDIAA100-SXM4-80GB.npz	0087479117bf83b7e9fe99b9b77c3ee53631e16bfc6e59981c1dedae8eeafda4	81884
GLACIER_results/gl2_r13p25_cell_e07_s0_T30_lit_i2__dgx03_NVIDIAA100-SXM4-80GB.npz	e7e647bc5de1a7519f9f54cb77c13beee0983766bdbdad8991cf1a70b22b50a3	81868
GLACIER_results/gl2_r13p25_cell_e07_s0_T30_lit_i3__dgx03_NVIDIAA100-SXM4-80GB.npz	26aa9ee8ebf2dc74cc38e614a6cffabd74c109589e9a94a1a69ab95e878c9418	81884
GLACIER_results/gl2_r13p25_cell_e07_s0_T30_lit_i4__dgx03_NVIDIAA100-SXM4-80GB.npz	bdae9b4028d4c28a3da0c3af2bb06f6a9002154403e870d68fcf999061c9a7f5	81892
GLACIER_results/gl2_r13p25_cell_e07_s0_T30_lit_i5__dgx03_NVIDIAA100-SXM4-80GB.npz	73f0c643af3b1fab9a123e8d11efe9a84980986df3e9a25df61543575c07570d	81876
GLACIER_results/gl2_r13p25_cell_e07_s1_T30_lit_i0__dgx03_NVIDIAA100-SXM4-80GB.npz	4cdcf5694863497d1d80134c7821a457a3a0257f657eab70669ad3bcded27a86	81760
GLACIER_results/gl2_r13p25_cell_e07_s1_T30_lit_i1__dgx03_NVIDIAA100-SXM4-80GB.npz	48d6c4fe5cdf88a812889250bcb13f637744a74133bae7b7aeab930aae33dad1	81760
GLACIER_results/gl2_r13p25_cell_e07_s1_T30_lit_i2__dgx03_NVIDIAA100-SXM4-80GB.npz	2610816dc430d309e688c515c8ab82bb49c2123f2cc96ff8fa3775147a59c1d9	81768
GLACIER_results/gl2_r13p25_cell_e07_s1_T30_lit_i3__dgx03_NVIDIAA100-SXM4-80GB.npz	33d0241111b41ad582b5e565d4384a2e6972490c9c4464fc1267a0304345d3c4	81784
GLACIER_results/gl2_r13p25_cell_e07_s1_T30_lit_i4__dgx03_NVIDIAA100-SXM4-80GB.npz	6a293417450a6d0b220486fe78f87d994ea542c9976a9baa166bfc3143718e39	81776
GLACIER_results/gl2_r13p25_cell_e07_s1_T30_lit_i5__dgx03_NVIDIAA100-SXM4-80GB.npz	a24fec9052601d643694feb2e9d28146bcaf76a244d11925b9008f9114061440	81776
GLACIER_results/gl2_r13p25_cell_e07_s2_T30_lit_i0__hgx03_NVIDIAH200.npz	ebe82ea9db0785796c36c3afdaa42a6e8ddbe24c72f5fe79fab4c3694a6b8377	81556
GLACIER_results/gl2_r13p25_cell_e07_s2_T30_lit_i1__hgx03_NVIDIAH200.npz	4eb1ec64616841d865132d74c31b53c8deca573fdfff0709822cb1f2749f03b1	81556
GLACIER_results/gl2_r13p25_cell_e07_s2_T30_lit_i2__hgx03_NVIDIAH200.npz	798e4434fca8279cd4cacfcff2b7e7f1056f9b8374b3c32168d79274dc7cd645	81556
GLACIER_results/gl2_r13p25_cell_e07_s2_T30_lit_i3__hgx03_NVIDIAH200.npz	23a489cc2712187dd5121edd61f46fa4f9340628689dd34cfe4938e71ca1125d	81556
GLACIER_results/gl2_r13p25_cell_e07_s2_T30_lit_i4__hgx03_NVIDIAH200.npz	522b7c4496520474694cf7e1a27eac4407e65c601b9203f3749796dbea30a8e6	81556
GLACIER_results/gl2_r13p25_cell_e07_s2_T30_lit_i5__hgx03_NVIDIAH200.npz	ad10bad86b5f89f0388db5b57bfabb748b4df7a8c0cde22b983762108cd31746	81556
GLACIER_results/gl2_r13p25_cell_e07_s3_T30_lit_i0__hgx03_NVIDIAH200.npz	963821e550345237f6171ebd4b1b41b901ef1799b2c9b3bacbb309481134e3f7	81668
GLACIER_results/gl2_r13p25_cell_e07_s3_T30_lit_i1__hgx03_NVIDIAH200.npz	c299c66ab2ad07f5e52d0d8020df1ebf391f8f0ec2e033cf8b3427d6ea618715	81668
GLACIER_results/gl2_r13p25_cell_e07_s3_T30_lit_i2__hgx03_NVIDIAH200.npz	282039a553fe9f7e111c133890bb3a535b4d040836ee8be161f5a57532b77891	81668
GLACIER_results/gl2_r13p25_cell_e07_s3_T30_lit_i3__hgx03_NVIDIAH200.npz	87994af1503231342e675a21142b953792321155aa1540969ae13f4ff069a4c2	81640
GLACIER_results/gl2_r13p25_cell_e07_s3_T30_lit_i4__hgx03_NVIDIAH200.npz	57af6706cf0149d8e0957fc1d6ceda892cdbfca6b512e766813f5effe58cb2af	81640
GLACIER_results/gl2_r13p25_cell_e07_s3_T30_lit_i5__hgx03_NVIDIAH200.npz	a80e31386262a71835f0dd073754da3cf742b41e48f7cfdaacf7becabfc307a5	81640
GLACIER_results/gl2_r13p25_cell_none_s0_T30_lit_i0__hgx03_NVIDIAH200.npz	8f406699c183c18b7d486061a75b00f50b301cfac782202a78c5ccc1c9cf3666	74974
GLACIER_results/gl2_r13p25_cell_none_s0_T30_lit_i1__hgx03_NVIDIAH200.npz	6183d2fbc0cc3076caf31805319ba986a9c0f6348e6562c1c86287dfb7f43695	74990
GLACIER_results/gl2_r13p25_cell_none_s0_T30_lit_i2__hgx03_NVIDIAH200.npz	c3e4383cd0ffd7ee306af2f257cdd471c0d25b1516bf406b7bf7175408192c57	75034
GLACIER_results/gl2_r13p25_cell_none_s0_T30_lit_i3__hgx03_NVIDIAH200.npz	e559db256221be90a38a3411474bfe42296068ad871a9d70430b5aba5839b13b	75034
GLACIER_results/gl2_r13p25_cell_none_s0_T30_lit_i4__hgx03_NVIDIAH200.npz	523a20c86cf5294f706a5a0cae7736a60a2d3d0b67d6cd08c58cebd3cc7c74a6	75034
GLACIER_results/gl2_r13p25_cell_none_s0_T30_lit_i5__hgx03_NVIDIAH200.npz	f9825362871c4eb9f5c63969e3fab5c9d7fb1b5d35525123d620fdffedb5337d	75034
GLACIER_results/gl2_r13p25_cell_none_s1_T30_lit_i0__hgx03_NVIDIAH200.npz	cb8192062b257ea379b822cb485ebc993b43f02d8f80e770e041debb4b53b64a	75018
GLACIER_results/gl2_r13p25_cell_none_s1_T30_lit_i1__hgx03_NVIDIAH200.npz	649cabb514bc332be7e03716995d3860718c1074d9a6da601828706e52d9ecca	75018
GLACIER_results/gl2_r13p25_cell_none_s1_T30_lit_i2__hgx03_NVIDIAH200.npz	5f9705031a5b1bf21e18247c27564761530ea982bebf2c5097aba0702be97001	75018
GLACIER_results/gl2_r13p25_cell_none_s1_T30_lit_i3__hgx03_NVIDIAH200.npz	425e96f8e56f21e1f6812182ae3294f24381e86557b1dcdc688569fd0400d374	75034
GLACIER_results/gl2_r13p25_cell_none_s1_T30_lit_i4__hgx03_NVIDIAH200.npz	ec946d983f750dfa20de4fda855bde18e67271b12da5d3240b4b73b5b6af100a	75034
GLACIER_results/gl2_r13p25_cell_none_s1_T30_lit_i5__hgx03_NVIDIAH200.npz	2230f21282c1666e634037af76bca3a152d24b46106af21e42e9cc78a20cbe97	75034
GLACIER_results/gl2_r13p25_cell_none_s2_T30_lit_i0__hgx03_NVIDIAH200.npz	fad7be954782af4b2cd41c1616d9ab7a374c85b46fe58d5cf6534f0185cf2e06	75006
GLACIER_results/gl2_r13p25_cell_none_s2_T30_lit_i1__hgx03_NVIDIAH200.npz	5464b10759e99705c0cdee2fae32f579a96c6e048dc727b764f1e2a8557a4da7	75006
GLACIER_results/gl2_r13p25_cell_none_s2_T30_lit_i2__hgx03_NVIDIAH200.npz	950748c7024424ea8d14b8a8fc090d828325c3dcfea5ffb8e28892141c9abe80	75006
GLACIER_results/gl2_r13p25_cell_none_s2_T30_lit_i3__hgx03_NVIDIAH200.npz	17b718ae4973ed1e606099250af3e585fa2d5881d082dabc57db4479dd85d914	75050
GLACIER_results/gl2_r13p25_cell_none_s2_T30_lit_i4__hgx03_NVIDIAH200.npz	916602af92ad78726396c25f5af03b339b615898528ec840e9102b0ff13d3022	75050
GLACIER_results/gl2_r13p25_cell_none_s2_T30_lit_i5__hgx03_NVIDIAH200.npz	b30192390781f0c38b9f785cc207ea2c26f4358c202dd4d2acfc7b46bd0fdc7e	75050
GLACIER_results/gl2_r13p25_cell_none_s3_T30_lit_i0__hgx03_NVIDIAH200.npz	0d610826ecf86e404b6f4637895c7d8a869096453d778a75a72045640c261b29	75018
GLACIER_results/gl2_r13p25_cell_none_s3_T30_lit_i1__hgx03_NVIDIAH200.npz	caa3c783fb40e6fb1604f4af89fb7f6a1a65b02109ff3e43cd92910a31491397	75018
GLACIER_results/gl2_r13p25_cell_none_s3_T30_lit_i2__hgx03_NVIDIAH200.npz	ff02695b01d24f17ca5f475e9c8aef3738dab31d74f63f3ada8deff8ff6279ba	75018
GLACIER_results/gl2_r13p25_cell_none_s3_T30_lit_i3__hgx03_NVIDIAH200.npz	dda6ec63f57590a1a15278e95a2d5d28c4608741348e5c3479363be125f34206	74974
GLACIER_results/gl2_r13p25_cell_none_s3_T30_lit_i4__hgx03_NVIDIAH200.npz	7642dfbfbad9715796c7a090814a45e9993453a07503c5c5840ac3c73fcb0b2e	74970
GLACIER_results/gl2_r13p25_cell_none_s3_T30_lit_i5__hgx03_NVIDIAH200.npz	cec027a4938cd929152adec3644ce49bf4d11cf48bd606b422a59685c167237d	75018
GLACIER_results/gl2_r13p25_null0_e07_s0_T30_lit_STOPANAT_i1__dgx03_NVIDIAA100-SXM4-80GB.npz	e045d7091139f983dce814e392d51c0171abc510c81f06c8abbd6d446ed5d0ae	28893
GLACIER_results/gl2_r13p25_null0_e07_s0_T30_lit_i0__dgx03_NVIDIAA100-SXM4-80GB.npz	5c26102147b644af0a9ab1c765e25d9c32eab7cc9debd9cfddea331c976a566a	81788
GLACIER_results/gl2_r13p25_null0_e07_s1_T30_lit_STOPANAT_i1__dgx03_NVIDIAA100-SXM4-80GB.npz	c04542aa46b11fd92d493416d9fc88527c956d9a346c5ec0cb5676af8ccd0199	28849
GLACIER_results/gl2_r13p25_null0_e07_s1_T30_lit_i0__dgx03_NVIDIAA100-SXM4-80GB.npz	05881d97ef4b71ce82bed8792f4a0a90150a237bdaa5e22eac5f1ad89cc72c0f	81744
GLACIER_results/gl2_r13p25_null0_none_s0_T30_lit_i0__hgx03_NVIDIAH200.npz	6b771f201356224d9b8e8f921bf508ca9982260a163d40255f8ade4b34dda4a9	75002
GLACIER_results/gl2_r13p25_null0_none_s0_T30_lit_i1__hgx03_NVIDIAH200.npz	58be469a80efef57dc88260b821e738833fde4d5f782cd303b157f80bba36460	75002
GLACIER_results/gl2_r13p25_null0_none_s0_T30_lit_i2__hgx03_NVIDIAH200.npz	80e290606d2397f25af2f28a02e3e56752b306dec9aa31e3a27289156cdfbb8e	75002
GLACIER_results/gl2_r13p25_null0_none_s0_T30_lit_i3__hgx03_NVIDIAH200.npz	2ccf5f26e50022d6df3d2192b8222e82435201aa1e606efb7df16b409a0718db	75002
GLACIER_results/gl2_r13p25_null0_none_s0_T30_lit_i4__hgx03_NVIDIAH200.npz	28da304f6ec7c6b246b1e02102bd684b453d30cd543b70032374c273d749bbde	75002
GLACIER_results/gl2_r13p25_null0_none_s0_T30_lit_i5__hgx03_NVIDIAH200.npz	266ed0f2997e0bac5f7e5c182aaf25041eda0603103a7dd3939f0f34360421a8	75002
GLACIER_results/gl2_r13p25_null0_none_s1_T30_lit_i0__hgx03_NVIDIAH200.npz	d759448878741313e7700d296b913ba9381da1c629c8a16dbdae84cb6fbbecaf	75002
GLACIER_results/gl2_r13p25_null0_none_s1_T30_lit_i1__hgx03_NVIDIAH200.npz	56d55a033feb678eab45b7118fa60c9a1062bfd13fd981ce107cefa2e7736339	75002
GLACIER_results/gl2_r13p25_null0_none_s1_T30_lit_i2__hgx03_NVIDIAH200.npz	c6dc75cbf182970eab93ba850c7ec43cf18ee52b0f6f54053ee76a05712f6bc6	75002
GLACIER_results/gl2_r13p25_null0_none_s1_T30_lit_i3__hgx03_NVIDIAH200.npz	723a1bc9215dc08f0507b801ef479877dc32ae99eb85e509ac809eaa907df030	75002
GLACIER_results/gl2_r13p25_null0_none_s1_T30_lit_i4__hgx03_NVIDIAH200.npz	c4dad687acfe6684973f4bdf338962f4b4319f03071c7d3e1ca3af34264accaa	75002
GLACIER_results/gl2_r13p25_null0_none_s1_T30_lit_i5__hgx03_NVIDIAH200.npz	911fc7224ba2f31db912cdc2ac329987d854a641674f018cadbf65036ff3e5ac	75002
GLACIER_results/gl2_r13p25_null1_e07_s0_T30_lit_STOPANAT_i0__dgx03_NVIDIAA100-SXM4-80GB.npz	66980bfa8b57c0b72e97096c89f1bd9bbdcde70d1445de84395e37880cb6fe6e	28845
GLACIER_results/gl2_r13p25_null1_e07_s1_T30_lit_STOPANAT_i5__dgx03_NVIDIAA100-SXM4-80GB.npz	f2605d035b5de8f7795f005e76facde4f24336d3ba10c8593bda27f704903ef8	28849
GLACIER_results/gl2_r13p25_null1_e07_s1_T30_lit_i0__dgx03_NVIDIAA100-SXM4-80GB.npz	0ae920e970e98b7d73d63b094ba55cc6ca82a274176a34e3a8dbef3a2d1800ae	81728
GLACIER_results/gl2_r13p25_null1_e07_s1_T30_lit_i1__dgx03_NVIDIAA100-SXM4-80GB.npz	13b4523cdb579b3934ed98278082646b5e11e306fe059c1a2cff8eb2eedcfff1	81744
GLACIER_results/gl2_r13p25_null1_e07_s1_T30_lit_i2__dgx03_NVIDIAA100-SXM4-80GB.npz	e81d95ff3c04aa7438ad81dd91820db469f2ddcaf2c049b584e1cf7dc5084cd2	81744
GLACIER_results/gl2_r13p25_null1_e07_s1_T30_lit_i3__dgx03_NVIDIAA100-SXM4-80GB.npz	74391279439712091216b702869d228fd02b662390e210dcc506a0a963f8386e	81744
GLACIER_results/gl2_r13p25_null1_e07_s1_T30_lit_i4__dgx03_NVIDIAA100-SXM4-80GB.npz	f148b31ca137ce6b4ed28087b7125ab84917a7f1da2715cc5529dfb390487e4e	81744
GLACIER_results/gl2_r13p25_null1_none_s0_T30_lit_i0__dgx03_NVIDIAA100-SXM4-80GB.npz	8264d64a2519a259540052f430d899c254aa6f9f07513379835e3e267c07889d	75058
GLACIER_results/gl2_r13p25_null1_none_s0_T30_lit_i1__dgx03_NVIDIAA100-SXM4-80GB.npz	16e82e0bba45c00aaf1972bda543ba4702a95d61de099300ee9bde79fb5f8651	75058
GLACIER_results/gl2_r13p25_null1_none_s0_T30_lit_i2__dgx03_NVIDIAA100-SXM4-80GB.npz	6018ffa3df2730094fc49863dbbba27e4b202d90abfd57eb519ee9c75c994b14	75058
GLACIER_results/gl2_r13p25_null1_none_s0_T30_lit_i3__dgx03_NVIDIAA100-SXM4-80GB.npz	0a6b5dff31dd35116578e04260464be6cc020ba0a1bf67d8a03f7524da0080f4	75058
GLACIER_results/gl2_r13p25_null1_none_s0_T30_lit_i4__dgx03_NVIDIAA100-SXM4-80GB.npz	bfc98264c48499c31f0bb2d5becf2c054aeab7a76312c6a52ebb1597e672fdd1	75058
GLACIER_results/gl2_r13p25_null1_none_s0_T30_lit_i5__dgx03_NVIDIAA100-SXM4-80GB.npz	9741afd05166c30e5a903daf20e9ce6639136b2bea32df19226fa87659b86aa1	75058
GLACIER_results/gl2_r13p25_null1_none_s1_T30_lit_i0__hgx03_NVIDIAH200.npz	4f411432a18b2d8f989b2594ce4d1fbfd2ff7763541133ed92ba001996d857e7	75002
GLACIER_results/gl2_r13p25_null1_none_s1_T30_lit_i1__hgx03_NVIDIAH200.npz	6c838b0baed5f9f4742188b453d2606eb24121eac35f0d679e31231e7670ede1	75002
GLACIER_results/gl2_r13p25_null1_none_s1_T30_lit_i2__hgx03_NVIDIAH200.npz	56ff60673d2092597b28bffec82968fd2c66ddf15d50f3feaeff03f78a1a899c	75002
GLACIER_results/gl2_r13p25_null1_none_s1_T30_lit_i3__hgx03_NVIDIAH200.npz	dea587edbecf430b18490f76d035b5caebf5fe7a42dc6742e361297ac110a3d3	75002
GLACIER_results/gl2_r13p25_null1_none_s1_T30_lit_i4__hgx03_NVIDIAH200.npz	16042268b3b1b8b4a61aa4cdcfd0cf78f53bd38d95d48bb1256713db2aa72ef5	75002
GLACIER_results/gl2_r13p25_null1_none_s1_T30_lit_i5__hgx03_NVIDIAH200.npz	a2fc435f8f65b6dd4e7008cac0361051b01615f356ce4eaaeba987582951a98b	75002
GLACIER_results/gl2_r13p25_null2_e07_s0_T30_lit_STOPANAT_i0__dgx03_NVIDIAA100-SXM4-80GB.npz	fbfdca06ac967bac58fa322d3ac0d909031009602827770d824561507673ddf5	26505
GLACIER_results/gl2_r13p25_null2_e07_s1_T30_lit_STOPANAT_i1__dgx03_NVIDIAA100-SXM4-80GB.npz	3d00ffa508712d2273e0715776be21f739f7fed0794c39411d4b509b4d04ceec	28865
GLACIER_results/gl2_r13p25_null2_e07_s1_T30_lit_i0__dgx03_NVIDIAA100-SXM4-80GB.npz	6e85d6da9efc8401079e7359e662c2226973fb1b8800fdf2dca939f01d684e4d	81728
GLACIER_results/gl2_r13p25_null2_none_s0_T30_lit_i0__hgx03_NVIDIAH200.npz	ee9e11b920496b4824a5b19d1dc44b9506d5bb43b21725610893dd84a267ad57	75002
GLACIER_results/gl2_r13p25_null2_none_s0_T30_lit_i1__hgx03_NVIDIAH200.npz	b1a4b8954b5ad2fb78c1d4a877921d2556cee442d8583439159ff2bbf15bdded	75002
GLACIER_results/gl2_r13p25_null2_none_s0_T30_lit_i2__hgx03_NVIDIAH200.npz	26fb4f8af0c1b3d00878a66886682fb67f450b525c7dcfa2bd397ae041d43c85	75002
GLACIER_results/gl2_r13p25_null2_none_s0_T30_lit_i3__hgx03_NVIDIAH200.npz	fc7f52f7caea8d51f709a0a86106ce725e260967d29cbd22385e272c51e8588f	75002
GLACIER_results/gl2_r13p25_null2_none_s0_T30_lit_i4__hgx03_NVIDIAH200.npz	97f7f956b60112a178d0a432de656e7a7209e2e2820c62b21f16d1a1b22e0530	75002
GLACIER_results/gl2_r13p25_null2_none_s0_T30_lit_i5__hgx03_NVIDIAH200.npz	6f5cd382766ad52508de0916caa81e5e46bbba5b066b278e4edf5121a301a12b	75002
GLACIER_results/gl2_r13p25_null2_none_s1_T30_lit_i0__hgx03_NVIDIAH200.npz	146b8cd9d437342fd6de973ceddfb762ce9aa113d5dcc75dba603bfd8bffc561	75002
GLACIER_results/gl2_r13p25_null2_none_s1_T30_lit_i1__hgx03_NVIDIAH200.npz	ad4a8c5bedf667b6744b2c04023ce3357c9deaad6d9da722f330934368c2c75d	75002
GLACIER_results/gl2_r13p25_null2_none_s1_T30_lit_i2__hgx03_NVIDIAH200.npz	df0d9a8d3f9fe48c8a64e1ef496919cc005eb077a5f820a6c1518584bf9061b1	75002
GLACIER_results/gl2_r13p25_null2_none_s1_T30_lit_i3__hgx03_NVIDIAH200.npz	1d2ef8e164eac50e2660742043fc2d0ed3fff177a10e28235fadf9bdf3e54d55	75002
GLACIER_results/gl2_r13p25_null2_none_s1_T30_lit_i4__hgx03_NVIDIAH200.npz	880e0b93dab6e96566a227f157a423ef9ad9c85a10bf7eb20c25696732d9fe19	75002
GLACIER_results/gl2_r13p25_null2_none_s1_T30_lit_i5__hgx03_NVIDIAH200.npz	4a879984d52448a7c2bf9b70804eb683e7dcf93b5fa4862a79cc5803b0db0ea4	75002
GLACIER_results/gl2_r13p5_cell_e07_s0_T30_lit_i0__dgx03_NVIDIAA100-SXM4-80GB.npz	46afa54f850b3569d6c6df36e0322815ea61e7993d664ed3302b3c5600fdd41b	81764
GLACIER_results/gl2_r13p5_cell_e07_s0_T30_lit_i1__dgx03_NVIDIAA100-SXM4-80GB.npz	c6748c0e6126c574926b22084320a5547ccecc68d0cd9e50812eba3237ce3d5e	81788
GLACIER_results/gl2_r13p5_cell_e07_s0_T30_lit_i2__dgx03_NVIDIAA100-SXM4-80GB.npz	63d8855696638dfd88b0f5568726f4af77205e51da64f500c7a689a3aaa4f504	81820
GLACIER_results/gl2_r13p5_cell_e07_s0_T30_lit_i3__dgx03_NVIDIAA100-SXM4-80GB.npz	2b9444c45406ad1fe6b389fade43194d18845e566bfa146f9104896f49b13fdd	81804
GLACIER_results/gl2_r13p5_cell_e07_s0_T30_lit_i4__dgx03_NVIDIAA100-SXM4-80GB.npz	dd711f49d7190a3b9ad575bb835616a213a9ccee2676f0c171cec23dc4ac278e	81804
GLACIER_results/gl2_r13p5_cell_e07_s0_T30_lit_i5__dgx03_NVIDIAA100-SXM4-80GB.npz	26eab5ba65d5ec719347e8bc913994b5631f6a9e8628f092d5219a385420cbb8	81804
GLACIER_results/gl2_r13p5_cell_e07_s1_T30_lit_i0__dgx03_NVIDIAA100-SXM4-80GB.npz	209604baeb7cd11c4ecd4d0361b0d85a5eeb867f6f6afd4ed9418fb57e0da103	81704
GLACIER_results/gl2_r13p5_cell_e07_s1_T30_lit_i1__dgx03_NVIDIAA100-SXM4-80GB.npz	103596e817847ea851fffd9178d67f9d4ced2219c4c18c770861461701c9bf36	81704
GLACIER_results/gl2_r13p5_cell_e07_s1_T30_lit_i2__dgx03_NVIDIAA100-SXM4-80GB.npz	7a542d67095462d52003c60251698cdb4b5fdd101f27c4de43bbd3545e30f2e6	81720
GLACIER_results/gl2_r13p5_cell_e07_s1_T30_lit_i3__dgx03_NVIDIAA100-SXM4-80GB.npz	870d7e2c76ed558eeca4a93f49053b29289086310864e20bf9e2d4cb26ebd11e	81720
GLACIER_results/gl2_r13p5_cell_e07_s1_T30_lit_i4__dgx03_NVIDIAA100-SXM4-80GB.npz	ec87ee0eb81a4c5b7bc5959dd978c869dc69ba3312d3302f880194545d595866	81720
GLACIER_results/gl2_r13p5_cell_e07_s1_T30_lit_i5__dgx03_NVIDIAA100-SXM4-80GB.npz	141ce1d0d1fbcd1bae0aa745c5fd5a832ca11323f8d4b2a4cad7d7c39393199d	81720
GLACIER_results/gl2_r13p5_cell_e07_s2_T30_lit_i0__dgx03_NVIDIAA100-SXM4-80GB.npz	684ace730b24c907fa673d52ae03b04db478c47ebade7a93bcc49c3060397232	81592
GLACIER_results/gl2_r13p5_cell_e07_s2_T30_lit_i1__dgx03_NVIDIAA100-SXM4-80GB.npz	0203699eb0194fe0641ea20b5b3a17eb6644ed99a43281932bb76870292a186b	81592
GLACIER_results/gl2_r13p5_cell_e07_s2_T30_lit_i2__dgx03_NVIDIAA100-SXM4-80GB.npz	68225bfef5a584a0459c6d90383314cb4f74636487d1ddf32858c48a7a1f8b83	81592
GLACIER_results/gl2_r13p5_cell_e07_s2_T30_lit_i3__dgx03_NVIDIAA100-SXM4-80GB.npz	4139ba70b1f5d1c08eeae2088f6a50150c6e14bdebdf5a90d5562cbed503fc8c	81592
GLACIER_results/gl2_r13p5_cell_e07_s2_T30_lit_i4__dgx03_NVIDIAA100-SXM4-80GB.npz	3f351605bcb54f13b4fb1c5e2c4db14899329dc6d4586b4f0492a5c42f9a4f76	81608
GLACIER_results/gl2_r13p5_cell_e07_s2_T30_lit_i5__dgx03_NVIDIAA100-SXM4-80GB.npz	1e9ae37086b8806f420ec547f208f94fcfca8fa7406e76f3d81af1e16b3a8a69	81608
GLACIER_results/gl2_r13p5_cell_e07_s3_T30_lit_i0__dgx03_NVIDIAA100-SXM4-80GB.npz	58e16f3dfa34838422f208422e197546d554440e3fa26f6b8f09e8f17e11202a	81592
GLACIER_results/gl2_r13p5_cell_e07_s3_T30_lit_i1__dgx03_NVIDIAA100-SXM4-80GB.npz	44054a17439dc8dac2d8932fbf34bbca5d34cdcc538b56a2e6885bc3aefcfd1b	81592
GLACIER_results/gl2_r13p5_cell_e07_s3_T30_lit_i2__dgx03_NVIDIAA100-SXM4-80GB.npz	0eb6e9af310c08fa79c2dc61c411b8bc8b3e7ec7fc385d959d9c9869860a0127	81592
GLACIER_results/gl2_r13p5_cell_e07_s3_T30_lit_i3__dgx03_NVIDIAA100-SXM4-80GB.npz	5c8510dbcb9f2ac4834f78b0291b01992dfa9daa06bd5261260d3e0cd2951100	81592
GLACIER_results/gl2_r13p5_cell_e07_s3_T30_lit_i4__dgx03_NVIDIAA100-SXM4-80GB.npz	5a4c1858f13b3f200e7a804da026fb8b1c30ad85ae0d0a1c9cc4ae157d15d5f5	81592
GLACIER_results/gl2_r13p5_cell_e07_s3_T30_lit_i5__dgx03_NVIDIAA100-SXM4-80GB.npz	b625fe365bca48647169141b44726380fa2adeb8ec6ec40ec67e4b94a0ddc413	81592
GLACIER_results/gl2_r13p5_cell_none_s0_T30_lit_i0__dgx03_NVIDIAA100-SXM4-80GB.npz	81629fff496d7dfff2bf1df48b514512d3c38395981767762eca9b391f178aac	75054
GLACIER_results/gl2_r13p5_cell_none_s0_T30_lit_i1__dgx03_NVIDIAA100-SXM4-80GB.npz	5e0a0f97830a4ca4fd93ab1ffbe92c7d48fa2686fe9699b8461a75d70a99bda6	75054
GLACIER_results/gl2_r13p5_cell_none_s0_T30_lit_i2__dgx03_NVIDIAA100-SXM4-80GB.npz	4c7811c6a88878380054fc7a3cf364b491702ecec68f1f6a51a18bef4059fc65	75054
GLACIER_results/gl2_r13p5_cell_none_s0_T30_lit_i3__dgx03_NVIDIAA100-SXM4-80GB.npz	99e713b057b3bf4fdf497ee80a09e355eb9079ca6b11d00981b8fff3b1f01173	75054
GLACIER_results/gl2_r13p5_cell_none_s0_T30_lit_i4__dgx03_NVIDIAA100-SXM4-80GB.npz	5f38ddcf4c094d885a8e2fe36557bccd4efc262525863e058af9bfb67463bbca	75054
GLACIER_results/gl2_r13p5_cell_none_s0_T30_lit_i5__dgx03_NVIDIAA100-SXM4-80GB.npz	573e9a4fc054afb4c0bd9adb5d0477cb346a442e763315c76246c2c00a942c9c	75054
GLACIER_results/gl2_r13p5_cell_none_s1_T30_lit_i0__dgx03_NVIDIAA100-SXM4-80GB.npz	8442bd54d659fc1b1b364f8d43e8dcead1874aca938f482139e4b4e0f322c2a5	75054
GLACIER_results/gl2_r13p5_cell_none_s1_T30_lit_i1__dgx03_NVIDIAA100-SXM4-80GB.npz	3541fc122f3569c1ef9834f310ecf25f09e482412da2fee131deee73371652b3	75054
GLACIER_results/gl2_r13p5_cell_none_s1_T30_lit_i2__dgx03_NVIDIAA100-SXM4-80GB.npz	4fd2f67f47a0eadd2c1d3fba2ca1d73f869dc593a710a3f3f6502588ca0154a6	75054
GLACIER_results/gl2_r13p5_cell_none_s1_T30_lit_i3__dgx03_NVIDIAA100-SXM4-80GB.npz	bf1654c921a7b1ffd037c87d0480cc1d476c6a9f5fb9b66bc1be085c1b67e888	75054
GLACIER_results/gl2_r13p5_cell_none_s1_T30_lit_i4__dgx03_NVIDIAA100-SXM4-80GB.npz	ffc9d4b2a7f207881aca9656a05117a10884fb4ce6beda183975b77d7f0d807d	75070
GLACIER_results/gl2_r13p5_cell_none_s1_T30_lit_i5__dgx03_NVIDIAA100-SXM4-80GB.npz	4e22570bfd2f898fb2e9882be1ad30d54244b6991a06d4cb5e8f016f43579675	75070
GLACIER_results/gl2_r13p5_cell_none_s2_T30_lit_i0__dgx03_NVIDIAA100-SXM4-80GB.npz	e4ff7544fd175a05a583017884f3909a56ee2780df3fe91f41016b109843479c	75086
GLACIER_results/gl2_r13p5_cell_none_s2_T30_lit_i1__dgx03_NVIDIAA100-SXM4-80GB.npz	ca063ad2110020f3df38fed0a8b910f58206f349a8f7711235f7cfca29484b00	75086
GLACIER_results/gl2_r13p5_cell_none_s2_T30_lit_i2__dgx03_NVIDIAA100-SXM4-80GB.npz	cdc0bed8e3185cd7eefa889b943e67ee6d5e9d53aaf45c6f9ca82c095a226287	75086
GLACIER_results/gl2_r13p5_cell_none_s2_T30_lit_i3__dgx03_NVIDIAA100-SXM4-80GB.npz	abe05d8bc303cc0e618a772f867cc4c09d3747517506c476f4e06464dd532545	75086
GLACIER_results/gl2_r13p5_cell_none_s2_T30_lit_i4__dgx03_NVIDIAA100-SXM4-80GB.npz	eecba8b503f3f77c50b4f104bf73a8256517872f9f09bde40346c808ed646d46	75086
GLACIER_results/gl2_r13p5_cell_none_s2_T30_lit_i5__dgx03_NVIDIAA100-SXM4-80GB.npz	88e20a659e8ab7ef1f2d3cda9c120794346b09965cb0d49e6443ab79f2f41b8d	75086
GLACIER_results/gl2_r13p5_cell_none_s3_T30_lit_i0__dgx03_NVIDIAA100-SXM4-80GB.npz	b250a1dadd75a5ca4bbc6ace491f96ca5a9eaef50ea250d2d243b50660d4342a	75018
GLACIER_results/gl2_r13p5_cell_none_s3_T30_lit_i1__dgx03_NVIDIAA100-SXM4-80GB.npz	0c8e40840bf79b394030ce7d142fa35aac2fc74a5d20fd6d58f893c48da998bb	75010
GLACIER_results/gl2_r13p5_cell_none_s3_T30_lit_i2__dgx03_NVIDIAA100-SXM4-80GB.npz	001dbd25d575e8a9655199d00f80f3cf1f6ae867c9f275b90b1806ad42484b53	75010
GLACIER_results/gl2_r13p5_cell_none_s3_T30_lit_i3__dgx03_NVIDIAA100-SXM4-80GB.npz	dc8ac2766d5eb52c176225f058d4bedcbbcd45bfb6cfff0ce497f74aefb35fed	75054
GLACIER_results/gl2_r13p5_cell_none_s3_T30_lit_i4__dgx03_NVIDIAA100-SXM4-80GB.npz	a24f578c76f7d6f420134ccb206b8999d1db6e1a63068ff251e1d820fbb6a3d5	75062
GLACIER_results/gl2_r13p5_cell_none_s3_T30_lit_i5__dgx03_NVIDIAA100-SXM4-80GB.npz	185d7ab8a41e2d16c771cd774cc92a22716410480ca17959a7d1d25bf6cb0cab	75054
GLACIER_results/gl2_r13p9_cell_e07_s0_T30_lit_i0__dgx03_NVIDIAA100-SXM4-80GB.npz	b4293e3627c9716bdf622da91e1fb970c4ca7dc9b713d12936209d1f6902159d	81548
GLACIER_results/gl2_r13p9_cell_e07_s0_T30_lit_i1__dgx03_NVIDIAA100-SXM4-80GB.npz	b819d47a0af5561784186f972cab2c1dbe24abd1f8e6226664af80e45747da4c	81548
GLACIER_results/gl2_r13p9_cell_e07_s0_T30_lit_i2__dgx03_NVIDIAA100-SXM4-80GB.npz	64167f2694cddfe9b7e8d5dccfb33523595c82f20745eb8dc8df4769ad2c7598	81548
GLACIER_results/gl2_r13p9_cell_e07_s0_T30_lit_i3__dgx03_NVIDIAA100-SXM4-80GB.npz	abb2cc805ef70caee3d2e4aee759fdf0f64c81fb53f3d792a7f7134dd843b5fc	81548
GLACIER_results/gl2_r13p9_cell_e07_s0_T30_lit_i4__dgx03_NVIDIAA100-SXM4-80GB.npz	e66631321dd012ca2b05d0d1b942f079be49dd43d4c6381772b3022fab23377f	81548
GLACIER_results/gl2_r13p9_cell_e07_s0_T30_lit_i5__dgx03_NVIDIAA100-SXM4-80GB.npz	072ea64493009800bddab9ff9438865cd0769892c9e64583025303200bb120da	81548
GLACIER_results/gl2_r13p9_cell_e07_s0_T40_lit_i0__dgx03_NVIDIAA100-SXM4-80GB.npz	f2e0c2b912ccb9d0c03ef4c7b3ee974d6e029a67b5936465ed0299b176cc1bc9	81548
GLACIER_results/gl2_r13p9_cell_e07_s0_T40_lit_i1__dgx03_NVIDIAA100-SXM4-80GB.npz	9c9f2228ccf876104327338ca7d3fb6154fe8cbdff54bcaacde9cb0f8b1db36e	81548
GLACIER_results/gl2_r13p9_cell_e07_s0_T40_lit_i2__dgx03_NVIDIAA100-SXM4-80GB.npz	9dc3bcc61a8f01d1e85aeaf80b503a89f453d756c55896de98180cf5d9636a10	81548
GLACIER_results/gl2_r13p9_cell_e07_s0_T40_lit_i3__dgx03_NVIDIAA100-SXM4-80GB.npz	0d9950dd7cd2151ea63c3bfb376d8ab09aded7e1bd8bd5dfd96569716fe1a141	81548
GLACIER_results/gl2_r13p9_cell_e07_s0_T40_lit_i4__dgx03_NVIDIAA100-SXM4-80GB.npz	c8e78f93ebe23f72975dbe1cca4dd089dc38ccc0dc7c02db42c3cb8c865396e1	81548
GLACIER_results/gl2_r13p9_cell_e07_s0_T40_lit_i5__dgx03_NVIDIAA100-SXM4-80GB.npz	b432947eb82bdd4641fb6d1790628675a2161108ccd758d9bb72ff991075b8c0	81548
GLACIER_results/gl2_r13p9_cell_e07_s1_T30_lit_i0__dgx03_NVIDIAA100-SXM4-80GB.npz	81c6f126e4eedc46685493e9cb99c7c4612d3a080bc290b18ec4a7ed1bde4894	81548
GLACIER_results/gl2_r13p9_cell_e07_s1_T30_lit_i1__dgx03_NVIDIAA100-SXM4-80GB.npz	d3190d9189eccf3f887c3f83356b7c1bb72d5ae7d3fdbea2908cbfe14f9cd5d0	81548
GLACIER_results/gl2_r13p9_cell_e07_s1_T30_lit_i2__dgx03_NVIDIAA100-SXM4-80GB.npz	c9af13d3b9dafe31ec365f1d91908dc0d960e4b927ebf02d05252bcffc9a0aab	81548
GLACIER_results/gl2_r13p9_cell_e07_s1_T30_lit_i3__dgx03_NVIDIAA100-SXM4-80GB.npz	eef28436172dfcd350f7701d6670cdb01a1e542503f48015b330bf1c3c7f6728	81548
GLACIER_results/gl2_r13p9_cell_e07_s1_T30_lit_i4__dgx03_NVIDIAA100-SXM4-80GB.npz	6fc50d89de8bf90a51f4b70a642cae93c6c2304fa2ba8fda21acae724a63271d	81548
GLACIER_results/gl2_r13p9_cell_e07_s1_T30_lit_i5__dgx03_NVIDIAA100-SXM4-80GB.npz	3adb6543006d8799dfc01856768b15a0812bd02e4878f47e1b0430086c7309be	81548
GLACIER_results/gl2_r13p9_cell_e07_s1_T40_lit_i0__dgx03_NVIDIAA100-SXM4-80GB.npz	3b300c6031bb17e82ba91602d189264ed8b8be011a9d190c12d3017e81bd8b1f	81548
GLACIER_results/gl2_r13p9_cell_e07_s1_T40_lit_i1__dgx03_NVIDIAA100-SXM4-80GB.npz	009560df0fe7c957bb914ce2b0727e9c8c42de3951d5574e261773e2aeb449b9	81548
GLACIER_results/gl2_r13p9_cell_e07_s1_T40_lit_i2__dgx03_NVIDIAA100-SXM4-80GB.npz	b54ed79e7e04a4dff78b18f3176ba89ede84b2ddf997dc740ed36ff60b395725	81548
GLACIER_results/gl2_r13p9_cell_e07_s1_T40_lit_i3__dgx03_NVIDIAA100-SXM4-80GB.npz	01ad17b1e33427aec461224a9bec13895a59b420eb59526b279cc6b4d945cd14	81548
GLACIER_results/gl2_r13p9_cell_e07_s1_T40_lit_i4__dgx03_NVIDIAA100-SXM4-80GB.npz	d8ec6e3faf571813621ab219a29040de622b4c8b99f4e977427593cfd757d3b1	81548
GLACIER_results/gl2_r13p9_cell_e07_s1_T40_lit_i5__dgx03_NVIDIAA100-SXM4-80GB.npz	822b387644d43f9a5206361ae533113ef7301419c15195487c8502c6734a2982	81548
GLACIER_results/gl2_r13p9_cell_e07_s2_T30_lit_i0__dgx03_NVIDIAA100-SXM4-80GB.npz	3885a636649e46586fb2c60da318fc44b7fff6a0066795041da1adcc624fb9a9	81548
GLACIER_results/gl2_r13p9_cell_e07_s2_T30_lit_i1__dgx03_NVIDIAA100-SXM4-80GB.npz	59a86a97017edb593548d46d155964b7a60558b3f45f351771a6b69edf85cf54	81548
GLACIER_results/gl2_r13p9_cell_e07_s2_T30_lit_i2__dgx03_NVIDIAA100-SXM4-80GB.npz	887e4950dccec089f7d2a8f1055df384d2d8e4a7a72c04688fad15a692ec15a5	81548
GLACIER_results/gl2_r13p9_cell_e07_s2_T30_lit_i3__dgx03_NVIDIAA100-SXM4-80GB.npz	354dd9dfd384182988ff9737de43745bc63d7544ed70a7063e97907779e15fc4	81548
GLACIER_results/gl2_r13p9_cell_e07_s2_T30_lit_i4__dgx03_NVIDIAA100-SXM4-80GB.npz	0f2e40f9aadb3785146f953fce3ee59c235701c319c11470374c17d6fff5a77c	81548
GLACIER_results/gl2_r13p9_cell_e07_s2_T30_lit_i5__dgx03_NVIDIAA100-SXM4-80GB.npz	f4b6c4d0736db2eaeabd028c5e07020748c2564a026d4ae665e5eac96d13826d	81548
GLACIER_results/gl2_r13p9_cell_e07_s2_T40_lit_i0__dgx03_NVIDIAA100-SXM4-80GB.npz	40d0134b3c9c9cb5ac8397e3bf4b02fae6ace620f524528e15f03443d89e9f05	81548
GLACIER_results/gl2_r13p9_cell_e07_s2_T40_lit_i1__dgx03_NVIDIAA100-SXM4-80GB.npz	fb9704458f210747b3bfd609e93cbd2cac1bb0672ec793982094fa6b2bae0935	81548
GLACIER_results/gl2_r13p9_cell_e07_s2_T40_lit_i2__dgx03_NVIDIAA100-SXM4-80GB.npz	46a9b17bd9ca9a75600c153418067174ecc40fe332b226791471658f8804760f	81548
GLACIER_results/gl2_r13p9_cell_e07_s2_T40_lit_i3__dgx03_NVIDIAA100-SXM4-80GB.npz	f85e2c46a38265798a866eabe91253f1f9bfbcaa4e39280cb932206dd08029f0	81548
GLACIER_results/gl2_r13p9_cell_e07_s2_T40_lit_i4__dgx03_NVIDIAA100-SXM4-80GB.npz	6bfc028ae06b8b13b27f3f78e2799923fa72ea58d2740a5c6a612c69288a4ca0	81548
GLACIER_results/gl2_r13p9_cell_e07_s2_T40_lit_i5__dgx03_NVIDIAA100-SXM4-80GB.npz	fe759d8116ffc344305303593075989c957ef489c362248fc74866da73225c62	81548
GLACIER_results/gl2_r13p9_cell_e07_s3_T30_lit_i0__dgx03_NVIDIAA100-SXM4-80GB.npz	15d15aa0ca4934742dc7d107a005868668a96fcfc1c9ec25e19036baf430efa7	81548
GLACIER_results/gl2_r13p9_cell_e07_s3_T30_lit_i1__dgx03_NVIDIAA100-SXM4-80GB.npz	1c90eadc33b98bbe56c3963f670018c6cd48d84dcad1ab71ddf3c602db61a980	81548
GLACIER_results/gl2_r13p9_cell_e07_s3_T30_lit_i2__dgx03_NVIDIAA100-SXM4-80GB.npz	8e581ac866ec38af51b7d4c72a08e038c17c3b4d3ad0ec9841cea975192ad6ba	81548
GLACIER_results/gl2_r13p9_cell_e07_s3_T30_lit_i3__dgx03_NVIDIAA100-SXM4-80GB.npz	7bbf693abb1734c78753d7d3f57cd50e7c2200a36451cbed73ba214b8c748139	81548
GLACIER_results/gl2_r13p9_cell_e07_s3_T30_lit_i4__dgx03_NVIDIAA100-SXM4-80GB.npz	4af2c0a3f3a96bc08c572389158604de85f7fb7ad4892713c54e5c114e3c556c	81548
GLACIER_results/gl2_r13p9_cell_e07_s3_T30_lit_i5__dgx03_NVIDIAA100-SXM4-80GB.npz	2bcadf9211347216731f9d46e2d6fe2c1636a5d0fe2b59abb24bcb5561f1952b	81548
GLACIER_results/gl2_r13p9_cell_e07_s3_T40_lit_i0__dgx03_NVIDIAA100-SXM4-80GB.npz	3888cd41f1e1d401a5f3a03d2f96b146d45781b3952f19e1549c88d1fdb3ce0a	81548
GLACIER_results/gl2_r13p9_cell_e07_s3_T40_lit_i1__dgx03_NVIDIAA100-SXM4-80GB.npz	26923a91f0c94ccdfda7cc31361705502430c1e1edadc30ba095c5ee71122e51	81548
GLACIER_results/gl2_r13p9_cell_e07_s3_T40_lit_i2__dgx03_NVIDIAA100-SXM4-80GB.npz	327d2602b8644fa3dd15dbdd03292e41f4d6d492d602213ec972864ba652ed4b	81548
GLACIER_results/gl2_r13p9_cell_e07_s3_T40_lit_i3__dgx03_NVIDIAA100-SXM4-80GB.npz	bf8c713f0a1bb7397ef4e67b976b1a4d03a43beda5813fbe7e79343f3ecc0b6d	81548
GLACIER_results/gl2_r13p9_cell_e07_s3_T40_lit_i4__dgx03_NVIDIAA100-SXM4-80GB.npz	53257a3d207ccb73e7ed8a32dfc2efb729ca56def3cf8304fa68232c76c556ac	81548
GLACIER_results/gl2_r13p9_cell_e07_s3_T40_lit_i5__dgx03_NVIDIAA100-SXM4-80GB.npz	84d56a4650c7cb103e174cc4c79323d99f1deebe532aad4b35bbbb8e07785fbd	81548
GLACIER_results/gl2_r13p9_cell_none_s0_T30_lit_i0__dgx03_NVIDIAA100-SXM4-80GB.npz	afcb1806851b4a87f6916272c8bbf78bedbbe92100320ae28ee15aa298ecf5d0	75058
GLACIER_results/gl2_r13p9_cell_none_s0_T30_lit_i1__dgx03_NVIDIAA100-SXM4-80GB.npz	5d1027394578a944c4a7d2b7cf2ad35ac371dfb0b0b73ba2009ee0712d06c845	75058
GLACIER_results/gl2_r13p9_cell_none_s0_T30_lit_i2__dgx03_NVIDIAA100-SXM4-80GB.npz	fc71a0ff980661d183a734d1fca53c1c09790bb475bc2d79afbba45406dec91a	75058
GLACIER_results/gl2_r13p9_cell_none_s0_T30_lit_i3__dgx03_NVIDIAA100-SXM4-80GB.npz	00ea0e19e41d7eeeef7437efd9160a194b84c8d6f1d4ca524547e49ab0e62be6	75058
GLACIER_results/gl2_r13p9_cell_none_s0_T30_lit_i4__dgx03_NVIDIAA100-SXM4-80GB.npz	36c59e925bd65b3633fda24662df6ea1e73383f4b3888c3652ae4fffe0b08d90	75058
GLACIER_results/gl2_r13p9_cell_none_s0_T30_lit_i5__dgx03_NVIDIAA100-SXM4-80GB.npz	2750a11ee79519f85d541ea50d47710b41efd89f237a0585de9c3d6213cfad82	75058
GLACIER_results/gl2_r13p9_cell_none_s0_T40_lit_i0__dgx03_NVIDIAA100-SXM4-80GB.npz	80b8fc4a369fc0dffc1cd1c9759ba5f42a71ccb7f118b5327421351b1eb9a71c	75058
GLACIER_results/gl2_r13p9_cell_none_s0_T40_lit_i1__dgx03_NVIDIAA100-SXM4-80GB.npz	738a799131b72b88100168fdfb02732a9cdc6051ebd17dae0cd76202c0f26116	75058
GLACIER_results/gl2_r13p9_cell_none_s0_T40_lit_i2__dgx03_NVIDIAA100-SXM4-80GB.npz	a574ed3a252a882e6d061bc145f50ed6ed2fa3d19bd65e31453950075ac747a2	75058
GLACIER_results/gl2_r13p9_cell_none_s0_T40_lit_i3__dgx03_NVIDIAA100-SXM4-80GB.npz	effa2b9216c7b3e528dc1775e7373cd9867ba3c5b85071f3bc2831ab38158cb5	75058
GLACIER_results/gl2_r13p9_cell_none_s0_T40_lit_i4__dgx03_NVIDIAA100-SXM4-80GB.npz	72f7921fb2010cb8b3f4e450ca0497f4fdec3b335bbc4efd73b54574bd078bf2	75058
GLACIER_results/gl2_r13p9_cell_none_s0_T40_lit_i5__dgx03_NVIDIAA100-SXM4-80GB.npz	56498f2c79eb65e7af9d9a36d376b01f2abb6c93d6536c98b4c373e587183f95	75058
GLACIER_results/gl2_r13p9_cell_none_s1_T30_lit_i0__dgx03_NVIDIAA100-SXM4-80GB.npz	7a50d349635ebd788bdb80e6bc5906d2d611dd4da2b16e8326d1484aa019eff5	75010
GLACIER_results/gl2_r13p9_cell_none_s1_T30_lit_i1__dgx03_NVIDIAA100-SXM4-80GB.npz	bdb6a32b803de4ef29656f7c0e2417bb5bad379437ddf1b48761c1308e9b7833	75010
GLACIER_results/gl2_r13p9_cell_none_s1_T30_lit_i2__dgx03_NVIDIAA100-SXM4-80GB.npz	7afd6498e964b30e2e51512836d091695b5e7a948e4739efa2b2c9f0814b3741	75010
GLACIER_results/gl2_r13p9_cell_none_s1_T30_lit_i3__dgx03_NVIDIAA100-SXM4-80GB.npz	db8b7530a1387e325030bd46521017e5aa2f31ab7a015814677d691512e195c4	75010
GLACIER_results/gl2_r13p9_cell_none_s1_T30_lit_i4__dgx03_NVIDIAA100-SXM4-80GB.npz	5f39f35e560028a85f0f81c5caf81bee988be2ef282fc703c3438dd357b9e8e0	75010
GLACIER_results/gl2_r13p9_cell_none_s1_T30_lit_i5__dgx03_NVIDIAA100-SXM4-80GB.npz	c327fe384f9fcdf138bbba3754ad180796c3c8adb5e6501997dceab0a696ec24	75010
GLACIER_results/gl2_r13p9_cell_none_s1_T40_lit_i0__dgx03_NVIDIAA100-SXM4-80GB.npz	b1112bb5d6410886c532ed5643e30d0134fd7d9bbbe8ea111786198c4dbfa442	75010
GLACIER_results/gl2_r13p9_cell_none_s1_T40_lit_i1__dgx03_NVIDIAA100-SXM4-80GB.npz	71dc0f8bde020f725ea2e81655bff96fc6b7aa34575df95a84ee5f53c1f17459	75010
GLACIER_results/gl2_r13p9_cell_none_s1_T40_lit_i2__dgx03_NVIDIAA100-SXM4-80GB.npz	6f3bdedfb79fd4d5304b9ec46d461293849d9557d44a830605ae512c3b765218	75010
GLACIER_results/gl2_r13p9_cell_none_s1_T40_lit_i3__dgx03_NVIDIAA100-SXM4-80GB.npz	67b475db330854f2842b86c7ccbfe999a5f4dbac814f0dbed499de3c99af6e4b	75010
GLACIER_results/gl2_r13p9_cell_none_s1_T40_lit_i4__dgx03_NVIDIAA100-SXM4-80GB.npz	4aafd4bf79e185f160dd3538f40034316432d991ac4b8310703085b5a09d8833	75010
GLACIER_results/gl2_r13p9_cell_none_s1_T40_lit_i5__dgx03_NVIDIAA100-SXM4-80GB.npz	7a1d9aed570e7b3a4a6a54809ef6e0b1f3c7d6ad5bfbac8f2921f3a29e30cef0	75010
GLACIER_results/gl2_r13p9_cell_none_s2_T30_lit_i0__dgx03_NVIDIAA100-SXM4-80GB.npz	f8aa80f9d92b6dabbb6fe041c9e40934ec6534e5446b2a185adeddf49f740d81	75058
GLACIER_results/gl2_r13p9_cell_none_s2_T30_lit_i1__dgx03_NVIDIAA100-SXM4-80GB.npz	6a82e3eab485ea772537e8763184bf1e200f6d10c77fce818733415c8fea7ffe	75058
GLACIER_results/gl2_r13p9_cell_none_s2_T30_lit_i2__dgx03_NVIDIAA100-SXM4-80GB.npz	37631e8ed559c8fe9638fbd85c513816c35f8cd724070ca77d5d146ffe8ec3db	75058
GLACIER_results/gl2_r13p9_cell_none_s2_T30_lit_i3__dgx03_NVIDIAA100-SXM4-80GB.npz	dacb9caa2e14ee9d71e2155fd8cb78f3455c5249ba94d42dd031cd13111d3bbe	75058
GLACIER_results/gl2_r13p9_cell_none_s2_T30_lit_i4__dgx03_NVIDIAA100-SXM4-80GB.npz	0ff0fc803183eed3c985c6ac4da646341e35456baf4c1f437a78c6f3f7b582ce	75058
GLACIER_results/gl2_r13p9_cell_none_s2_T30_lit_i5__dgx03_NVIDIAA100-SXM4-80GB.npz	934b4ea8724bb5a6aa574215f15c2d497f6d6ec5f65b450ab9e0efd8eeface09	75058
GLACIER_results/gl2_r13p9_cell_none_s2_T40_lit_i0__dgx03_NVIDIAA100-SXM4-80GB.npz	df4c2aff0a07bfff8de9f00f984eeae671c0094b53a2c68e5a52474fa483102a	75058
GLACIER_results/gl2_r13p9_cell_none_s2_T40_lit_i1__dgx03_NVIDIAA100-SXM4-80GB.npz	261db7428a0c1a0483f047265aca2d0d8ba5d99d62577e790cfb75defd32fbb5	75058
GLACIER_results/gl2_r13p9_cell_none_s2_T40_lit_i2__dgx03_NVIDIAA100-SXM4-80GB.npz	19b8ba82401529ff141001c2eadfe685ae30cbb82eb3ca256450bdeb5c3799ae	75058
GLACIER_results/gl2_r13p9_cell_none_s2_T40_lit_i3__dgx03_NVIDIAA100-SXM4-80GB.npz	47b4d8792f4583ca5fd9f6546f4ed7ac303fef08ecdc039aadade0f0b60a85e7	75058
GLACIER_results/gl2_r13p9_cell_none_s2_T40_lit_i4__dgx03_NVIDIAA100-SXM4-80GB.npz	a3e3b3bdad754067a7ed3b4330da2f17d3dd41c941637467d271cb334949a1ce	75058
GLACIER_results/gl2_r13p9_cell_none_s2_T40_lit_i5__dgx03_NVIDIAA100-SXM4-80GB.npz	a0b7424024e24a2b56eebe552ad0ad27d66e414c6b4be77aa66dc479f1b84984	75058
GLACIER_results/gl2_r13p9_cell_none_s3_T30_lit_i0__dgx03_NVIDIAA100-SXM4-80GB.npz	54b07a0fea8070c2c3b111413c166dc80aedb5bde3e86e57dba4f47c5c466096	75042
GLACIER_results/gl2_r13p9_cell_none_s3_T30_lit_i1__dgx03_NVIDIAA100-SXM4-80GB.npz	aea0c51516afa75df12719a6b3737f395a277d8d33b23a43d1dcf8ce741c11ad	75042
GLACIER_results/gl2_r13p9_cell_none_s3_T30_lit_i2__dgx03_NVIDIAA100-SXM4-80GB.npz	453f693a93570ff5d5c1f7ff5f46b4bf337a5eac82b62f9f596fa40e8d95b8b4	75042
GLACIER_results/gl2_r13p9_cell_none_s3_T30_lit_i3__dgx03_NVIDIAA100-SXM4-80GB.npz	4fd0682cd5ab22e600ac6883cc1c6ad6eee3143a83b33d9620e1a5af73a505a6	75042
GLACIER_results/gl2_r13p9_cell_none_s3_T30_lit_i4__dgx03_NVIDIAA100-SXM4-80GB.npz	30c5d7cf9eb7ab4114e280875ebb7c8cb13e5c4185085fa5caff945025df29f7	75042
GLACIER_results/gl2_r13p9_cell_none_s3_T30_lit_i5__dgx03_NVIDIAA100-SXM4-80GB.npz	95d2f3fb3dfae1a3d01ed825a58b538ad842dbafd096e60a79c77bf824f47f68	75042
GLACIER_results/gl2_r13p9_cell_none_s3_T40_lit_i0__dgx03_NVIDIAA100-SXM4-80GB.npz	8aef8fbfd3e7faa5a71d395ba0812fbb12653fc28bacf6d59664f26be0b41d4b	75042
GLACIER_results/gl2_r13p9_cell_none_s3_T40_lit_i1__dgx03_NVIDIAA100-SXM4-80GB.npz	19018c7fec99c8fd4e73408838e7236c85845085e4e28902c99ca690e44950e7	75042
GLACIER_results/gl2_r13p9_cell_none_s3_T40_lit_i2__dgx03_NVIDIAA100-SXM4-80GB.npz	f961cf9485f3940757db61778ecc9ead483c15d58223570e0eb7a4844f8bcc45	75042
GLACIER_results/gl2_r13p9_cell_none_s3_T40_lit_i3__dgx03_NVIDIAA100-SXM4-80GB.npz	e33c62279a277765302d1bc29889769398bf930e4afdd6a9c838ed3f3ef0175e	75042
GLACIER_results/gl2_r13p9_cell_none_s3_T40_lit_i4__dgx03_NVIDIAA100-SXM4-80GB.npz	e9a136407b659ab79b570e9b2fb29b2a15eee9f7176e6214ee5fce7d9c49f538	75042
GLACIER_results/gl2_r13p9_cell_none_s3_T40_lit_i5__dgx03_NVIDIAA100-SXM4-80GB.npz	2c56104e2328bb5324b95eaa472cb5032bb6d8ff05b31c62892b8c65dd8c4ca5	75042
GLACIER_results/gl2_r13p9_w0p25_cell_e07_s0_T30_lit_i0__dgx03_NVIDIAA100-SXM4-80GB.npz	b4ae4f22f90475139763b1164f2cd7d87d4982e8c554ebda48e0021e99ad52e5	81548
GLACIER_results/gl2_r13p9_w0p25_cell_e07_s0_T30_lit_i1__dgx03_NVIDIAA100-SXM4-80GB.npz	c9a6e1797587f4bcc92139440bd5ea8041d7d0a8e4cf997ba57328abfa068bdc	81548
GLACIER_results/gl2_r13p9_w0p25_cell_e07_s0_T30_lit_i2__dgx03_NVIDIAA100-SXM4-80GB.npz	a67095fdd72a1247499a44a68fdc63960e4b8a1c9af87418033671ff02edc580	81548
GLACIER_results/gl2_r13p9_w0p25_cell_e07_s0_T30_lit_i3__dgx03_NVIDIAA100-SXM4-80GB.npz	dcb95e2558462432e4dceffe68cef451cebdd42861a74724e186ede45538ed09	81548
GLACIER_results/gl2_r13p9_w0p25_cell_e07_s0_T30_lit_i4__dgx03_NVIDIAA100-SXM4-80GB.npz	82b9fdbe40a98ba9b98ef60e28e81a79777fb51ffad68cf9529941fceada3079	81548
GLACIER_results/gl2_r13p9_w0p25_cell_e07_s0_T30_lit_i5__dgx03_NVIDIAA100-SXM4-80GB.npz	e63489397e6d5b00dc51f4469be9463e6967d91148cce181929def14653d1334	81548
GLACIER_results/gl2_r13p9_w0p25_cell_e07_s0_T40_lit_i0__dgx03_NVIDIAA100-SXM4-80GB.npz	1930b21bb3eb9c1aca3028f33d5dac1813ea47f5c02d6b18b6245e1035b0ca59	81548
GLACIER_results/gl2_r13p9_w0p25_cell_e07_s0_T40_lit_i1__dgx03_NVIDIAA100-SXM4-80GB.npz	e84ddc7b1527e2287705d637bfff12c483ad87a1fe55d909e0fd26c6b2528e35	81548
GLACIER_results/gl2_r13p9_w0p25_cell_e07_s0_T40_lit_i2__dgx03_NVIDIAA100-SXM4-80GB.npz	ee661cb3b3c4b63da09ae6561c35e43e0b607818b159690cc56dadb9f40970e6	81548
GLACIER_results/gl2_r13p9_w0p25_cell_e07_s0_T40_lit_i3__dgx03_NVIDIAA100-SXM4-80GB.npz	c6e958330ab808dbcaf034c405ea6ce09190532592bba50ffca27ecff09a1944	81548
GLACIER_results/gl2_r13p9_w0p25_cell_e07_s0_T40_lit_i4__dgx03_NVIDIAA100-SXM4-80GB.npz	1ba7a479b9aeef664b747eb0d3508e3b47ef16aec9cfab32b35aa53a87540ec6	81548
GLACIER_results/gl2_r13p9_w0p25_cell_e07_s0_T40_lit_i5__dgx03_NVIDIAA100-SXM4-80GB.npz	c00527a301e7ec9b0bebd8f63b9fa1694a57d0e5043835ae37bd8046dede6a45	81548
GLACIER_results/gl2_r13p9_w0p25_cell_e07_s1_T30_lit_i0__dgx03_NVIDIAA100-SXM4-80GB.npz	b5bd1d618525bc1522978d2dcd98e1fbca0c0a5a0d1dc52cf4a71a395e5bf2b2	81548
GLACIER_results/gl2_r13p9_w0p25_cell_e07_s1_T30_lit_i1__dgx03_NVIDIAA100-SXM4-80GB.npz	0a711ea82b2c48496aa7a6bf7e61bdf4eadb39da47597267ce4c9ee37c441812	81548
GLACIER_results/gl2_r13p9_w0p25_cell_e07_s1_T30_lit_i2__dgx03_NVIDIAA100-SXM4-80GB.npz	3ebb74dca08e92b67d49164b9b085647f210ea98099960a8d8f6fd6ea27b4279	81548
GLACIER_results/gl2_r13p9_w0p25_cell_e07_s1_T30_lit_i3__dgx03_NVIDIAA100-SXM4-80GB.npz	5e535bb63a7a95ac994ccfc120c923521025be546aa9e4597d310e002e7b1813	81548
GLACIER_results/gl2_r13p9_w0p25_cell_e07_s1_T30_lit_i4__dgx03_NVIDIAA100-SXM4-80GB.npz	b258ea6fbfaf4adb40ebfd4d2998e04d150aded4a8753a72d370c2f0f9777caa	81548
GLACIER_results/gl2_r13p9_w0p25_cell_e07_s1_T30_lit_i5__dgx03_NVIDIAA100-SXM4-80GB.npz	7ab99077c4d6ae0e63e0e9c61df5fd51d86b11f5d72f8844ac356f285e5a214e	81548
GLACIER_results/gl2_r13p9_w0p25_cell_e07_s1_T40_lit_i0__dgx03_NVIDIAA100-SXM4-80GB.npz	965ca4deb06803e53a19af8029dc72702714afb8d30963f10b4ad66195bd0a2e	81548
GLACIER_results/gl2_r13p9_w0p25_cell_e07_s1_T40_lit_i1__dgx03_NVIDIAA100-SXM4-80GB.npz	62c6888ceb9e9cc88ed8c6ba04b2aaf448206dc19cb1fbd83edd6c986ac4dc21	81548
GLACIER_results/gl2_r13p9_w0p25_cell_e07_s1_T40_lit_i2__dgx03_NVIDIAA100-SXM4-80GB.npz	c9a669275c2bf39dd8acb8aaa518903fc05271a7105aaaa8482c4c725616c0fc	81548
GLACIER_results/gl2_r13p9_w0p25_cell_e07_s1_T40_lit_i3__dgx03_NVIDIAA100-SXM4-80GB.npz	6d8a943043c9a2b3ebdfe097262c42bd30e033430dc83ba0e7c62a6287f1b95e	81548
GLACIER_results/gl2_r13p9_w0p25_cell_e07_s1_T40_lit_i4__dgx03_NVIDIAA100-SXM4-80GB.npz	9f812dad7fd9dafcc1f80fe4c76c50fe75e7c70a3c1e19fc485451e31c260707	81548
GLACIER_results/gl2_r13p9_w0p25_cell_e07_s1_T40_lit_i5__dgx03_NVIDIAA100-SXM4-80GB.npz	efa34f63246bb31851c5b768bc30a978ffdcb767dea01569c680524541851cfc	81548
GLACIER_results/gl2_r13p9_w0p25_cell_e07_s2_T30_lit_i0__dgx03_NVIDIAA100-SXM4-80GB.npz	aeb14110b45df8869d14cc7dc80618eeeb6e0dd3a13574f0094ff3d02643e0b7	81548
GLACIER_results/gl2_r13p9_w0p25_cell_e07_s2_T30_lit_i1__dgx03_NVIDIAA100-SXM4-80GB.npz	34cbadb716a3745d423260018d18121a9bea7992040641a1affbfd0c334586aa	81548
GLACIER_results/gl2_r13p9_w0p25_cell_e07_s2_T30_lit_i2__dgx03_NVIDIAA100-SXM4-80GB.npz	e8f7ae154bcb631fd476bebf02d7b98f0d0ab2c10e50236bb5b2f1bc389b5e39	81548
GLACIER_results/gl2_r13p9_w0p25_cell_e07_s2_T30_lit_i3__dgx03_NVIDIAA100-SXM4-80GB.npz	d253448fdd2379ad3259f1a6bfeed5b7b29d0308183cfd41fa71ebed512dbf46	81548
GLACIER_results/gl2_r13p9_w0p25_cell_e07_s2_T30_lit_i4__dgx03_NVIDIAA100-SXM4-80GB.npz	0262358e284b5441bf26e419bbe9ba2a2428358f8bdd6b2667eebf30e5d84779	81548
GLACIER_results/gl2_r13p9_w0p25_cell_e07_s2_T30_lit_i5__dgx03_NVIDIAA100-SXM4-80GB.npz	93a26d5d0eb7d819c94ce16764a6f597eaef7ed5c3585a418d6a8a80fff6ab41	81548
GLACIER_results/gl2_r13p9_w0p25_cell_e07_s2_T40_lit_i0__dgx03_NVIDIAA100-SXM4-80GB.npz	23a5e5c93887c7995c74706929d79d1d7ae1ec3fe0189cadabe3d4a9513db49d	81548
GLACIER_results/gl2_r13p9_w0p25_cell_e07_s2_T40_lit_i1__dgx03_NVIDIAA100-SXM4-80GB.npz	76418aa4b097bd0e7b0da2843fb2f721cee515c565067370490cc3dd94cbd765	81548
GLACIER_results/gl2_r13p9_w0p25_cell_e07_s2_T40_lit_i2__dgx03_NVIDIAA100-SXM4-80GB.npz	644c09a037c51eb6604b260aef0cd20155f6c0e0f39ebb952ec058e8666ee913	81548
GLACIER_results/gl2_r13p9_w0p25_cell_e07_s2_T40_lit_i3__dgx03_NVIDIAA100-SXM4-80GB.npz	4b805a5747061c32666b35a296b4120d749716096987a4cda1833e3c55df3d1e	81548
GLACIER_results/gl2_r13p9_w0p25_cell_e07_s2_T40_lit_i4__dgx03_NVIDIAA100-SXM4-80GB.npz	e903ed51e8da643173d663afc3efe8800880a156884dd2c7a4802eca093d50f8	81548
GLACIER_results/gl2_r13p9_w0p25_cell_e07_s2_T40_lit_i5__dgx03_NVIDIAA100-SXM4-80GB.npz	f7618489a397dd6b53da80008eac1100db612146742e908eafca82aec034eb55	81548
GLACIER_results/gl2_r13p9_w0p25_cell_e07_s3_T30_lit_i0__dgx03_NVIDIAA100-SXM4-80GB.npz	40f824771883b5c6f8f5f5728a68d8e4f33552aa21d65a8385f0b1dbf7bd54c6	81548
GLACIER_results/gl2_r13p9_w0p25_cell_e07_s3_T30_lit_i1__dgx03_NVIDIAA100-SXM4-80GB.npz	932a85f71d3f64070699b355a66b8b16b9cf4a8798807507623943cba34f359d	81548
GLACIER_results/gl2_r13p9_w0p25_cell_e07_s3_T30_lit_i2__dgx03_NVIDIAA100-SXM4-80GB.npz	2cf05a58813a16e428707b19ac517c67161a512ea9f6d124ff94dc45a166d3c1	81548
GLACIER_results/gl2_r13p9_w0p25_cell_e07_s3_T30_lit_i3__dgx03_NVIDIAA100-SXM4-80GB.npz	adcc2ec3cb09ca9f19af861315419833eee5cfee5e1bc90b702ac5e215273a0d	81548
GLACIER_results/gl2_r13p9_w0p25_cell_e07_s3_T30_lit_i4__dgx03_NVIDIAA100-SXM4-80GB.npz	f57f0550f854bdab9e1b738f3eafb8214c1d785762376fdc7d14edfffa1fae83	81548
GLACIER_results/gl2_r13p9_w0p25_cell_e07_s3_T30_lit_i5__dgx03_NVIDIAA100-SXM4-80GB.npz	4444576af13d26f9d744d06fdc7d898d2a74c9bd5401a0fe456661d37c156269	81548
GLACIER_results/gl2_r13p9_w0p25_cell_e07_s3_T40_lit_i0__dgx03_NVIDIAA100-SXM4-80GB.npz	6ec55f502596e999eb2213361563899f095ec615afaafe6764fedf1c037b2122	81548
GLACIER_results/gl2_r13p9_w0p25_cell_e07_s3_T40_lit_i1__dgx03_NVIDIAA100-SXM4-80GB.npz	766afb0f3353b0f55c6244b126f74165b2c07655bcd0b2b3e0a303c11e09ddf8	81548
GLACIER_results/gl2_r13p9_w0p25_cell_e07_s3_T40_lit_i2__dgx03_NVIDIAA100-SXM4-80GB.npz	0bf059f6efc5d5d227c14a3aadf2d9694e5969d819a45666f335c0c7a2932007	81548
GLACIER_results/gl2_r13p9_w0p25_cell_e07_s3_T40_lit_i3__dgx03_NVIDIAA100-SXM4-80GB.npz	b3c190cae15c85a740a1962fd6c09684478a2428ff77d6ad9cb3af2958523c42	81548
GLACIER_results/gl2_r13p9_w0p25_cell_e07_s3_T40_lit_i4__dgx03_NVIDIAA100-SXM4-80GB.npz	3af852eaabf66dd4a70242cf9a9783694bfc3c91b83baaefb5ad2bbdf1a49f51	81548
GLACIER_results/gl2_r13p9_w0p25_cell_e07_s3_T40_lit_i5__dgx03_NVIDIAA100-SXM4-80GB.npz	4242d24638759353ebdacab391a55fe6b41d68903f8909570ffcbd679c6a0997	81548
GLACIER_results/gl2_r13p9_w0p25_cell_none_s0_T30_lit_i0__dgx03_NVIDIAA100-SXM4-80GB.npz	544a35217568580b034d3e65596551e17240b941f36084aaa4919e0ee7fecb63	75058
GLACIER_results/gl2_r13p9_w0p25_cell_none_s0_T30_lit_i1__dgx03_NVIDIAA100-SXM4-80GB.npz	f4b6ba16a9168ef73bdba0786870760a53f17d2bdfaaeded13c45ad4efa29b65	75058
GLACIER_results/gl2_r13p9_w0p25_cell_none_s0_T30_lit_i2__dgx03_NVIDIAA100-SXM4-80GB.npz	908e0060593d17a24932624ac7170a8caadf138aa424d3b57eef7f38f4ba3aa2	75058
GLACIER_results/gl2_r13p9_w0p25_cell_none_s0_T30_lit_i3__dgx03_NVIDIAA100-SXM4-80GB.npz	fe9417f1a030925284a6aa68371ec302276280433691a673156efd90415e66e7	75058
GLACIER_results/gl2_r13p9_w0p25_cell_none_s0_T30_lit_i4__dgx03_NVIDIAA100-SXM4-80GB.npz	b69a62cf0cc1c38b5c77ce3f8a7eb5ab6b8bab354b95ac5bd0d602860b9402c6	75058
GLACIER_results/gl2_r13p9_w0p25_cell_none_s0_T30_lit_i5__dgx03_NVIDIAA100-SXM4-80GB.npz	a2d384a142d57390d4b02d2266b77c802c7671f073d4c2797b043e2a8d82dbbe	75058
GLACIER_results/gl2_r13p9_w0p25_cell_none_s0_T40_lit_i0__dgx03_NVIDIAA100-SXM4-80GB.npz	27bd9168ca916e58aef43755f11f999ab90ff748d48d0d96188f53be4718c685	75058
GLACIER_results/gl2_r13p9_w0p25_cell_none_s0_T40_lit_i1__dgx03_NVIDIAA100-SXM4-80GB.npz	4db54121b3d4e1f2312d8bd0b1dfeca97d65d728ff7636f866b8e647f832861a	75058
GLACIER_results/gl2_r13p9_w0p25_cell_none_s0_T40_lit_i2__dgx03_NVIDIAA100-SXM4-80GB.npz	36ce66ae954ab7da808fbfe434c2371d6e53fe2e29c7bee83bdea89c76c2c6ac	75058
GLACIER_results/gl2_r13p9_w0p25_cell_none_s0_T40_lit_i3__dgx03_NVIDIAA100-SXM4-80GB.npz	3531fa334c9c4b5febacce2f0a70aeb87750e1bd3a8cd4655acde596a76dd9b2	75058
GLACIER_results/gl2_r13p9_w0p25_cell_none_s0_T40_lit_i4__dgx03_NVIDIAA100-SXM4-80GB.npz	84b0d212284ebeef1f98420dd78b98c6342d249c4af438c8194d1d5f982d7201	75058
GLACIER_results/gl2_r13p9_w0p25_cell_none_s0_T40_lit_i5__dgx03_NVIDIAA100-SXM4-80GB.npz	355fe65b9fc5ebdf3fb8b6fdfb7dd90381f2a8ea87a0b26cc643581700db8d5a	75058
GLACIER_results/gl2_r13p9_w0p25_cell_none_s1_T30_lit_i0__dgx03_NVIDIAA100-SXM4-80GB.npz	90ab95356957f0291f78b87f27fb6196a9f19a677e74455f025e090eae6a8480	75010
GLACIER_results/gl2_r13p9_w0p25_cell_none_s1_T30_lit_i1__dgx03_NVIDIAA100-SXM4-80GB.npz	b511e49f4a9048377ecfec1a58cacff2f4417153ddb29ef16e633a884d8703df	75010
GLACIER_results/gl2_r13p9_w0p25_cell_none_s1_T30_lit_i2__dgx03_NVIDIAA100-SXM4-80GB.npz	ecfb800978fd80ad851b3690249368c416aaf33feb007cfb545c120dde01329a	75010
GLACIER_results/gl2_r13p9_w0p25_cell_none_s1_T30_lit_i3__dgx03_NVIDIAA100-SXM4-80GB.npz	fe6dca3d439dabdee9a935afbc0f340c0c5ac84cd28377800675ed48b36d9664	75010
GLACIER_results/gl2_r13p9_w0p25_cell_none_s1_T30_lit_i4__dgx03_NVIDIAA100-SXM4-80GB.npz	78c0d364db55a85f40bc08dfd01bdc1b7b76221730d2c8f2d282082d5f479dcc	75010
GLACIER_results/gl2_r13p9_w0p25_cell_none_s1_T30_lit_i5__dgx03_NVIDIAA100-SXM4-80GB.npz	032f434ba7e9d6a0f262fe8cd0cac073cbc1ed3194c52fec9d7ae8878b3310a0	75010
GLACIER_results/gl2_r13p9_w0p25_cell_none_s1_T40_lit_i0__dgx03_NVIDIAA100-SXM4-80GB.npz	cc86fff4f7e6c2e78618d33ff6f538d7537a9beccfb97e3d2fa91b31a48908b2	75010
GLACIER_results/gl2_r13p9_w0p25_cell_none_s1_T40_lit_i1__dgx03_NVIDIAA100-SXM4-80GB.npz	bafdccf377345285d438b5a373fe9b46f080228752d70fc288ffac2153fbd8b0	75010
GLACIER_results/gl2_r13p9_w0p25_cell_none_s1_T40_lit_i2__dgx03_NVIDIAA100-SXM4-80GB.npz	fe6a820810b5f18c30f35cc84a5f4be6a352c21c042d0f540df518aa9c8037d9	75010
GLACIER_results/gl2_r13p9_w0p25_cell_none_s1_T40_lit_i3__dgx03_NVIDIAA100-SXM4-80GB.npz	74195ee28a0ffd9f8a84d0027c63e4d5a0a1033155a5cde9d503dd9c52974f23	75010
GLACIER_results/gl2_r13p9_w0p25_cell_none_s1_T40_lit_i4__dgx03_NVIDIAA100-SXM4-80GB.npz	c99323b34a72ec4b60b4304a3764e281beb3d4e0ae97ad153e5f36556950d971	75010
GLACIER_results/gl2_r13p9_w0p25_cell_none_s1_T40_lit_i5__dgx03_NVIDIAA100-SXM4-80GB.npz	bbf3e00f84da722bb3f0e9200d86aef0817e379d52e3b77a7bb5d991edd5fc62	75010
GLACIER_results/gl2_r13p9_w0p25_cell_none_s2_T30_lit_i0__dgx03_NVIDIAA100-SXM4-80GB.npz	0c7336ab52940e5d57454890c33ea7d7294af92199e103e5b48ad17df15d5618	75058
GLACIER_results/gl2_r13p9_w0p25_cell_none_s2_T30_lit_i1__dgx03_NVIDIAA100-SXM4-80GB.npz	f1715caccff37076ff8f81406d9f93ec71b0dffe6be2f40b9a7ba7d1a4c48734	75058
GLACIER_results/gl2_r13p9_w0p25_cell_none_s2_T30_lit_i2__dgx03_NVIDIAA100-SXM4-80GB.npz	3ee29bf606342f003709bd7238850e128408ec2a8536cc2bf462da6fa870edc2	75058
GLACIER_results/gl2_r13p9_w0p25_cell_none_s2_T30_lit_i3__dgx03_NVIDIAA100-SXM4-80GB.npz	87ea8db7099b32a2330c5bf465492345fda960b2d86a57e3aa846ab66c61fbc7	75058
GLACIER_results/gl2_r13p9_w0p25_cell_none_s2_T30_lit_i4__dgx03_NVIDIAA100-SXM4-80GB.npz	34f04119bd9f4a5961c8fc382152ebb5e864c5c7a2fd8127af1a8e2974039db5	75058
GLACIER_results/gl2_r13p9_w0p25_cell_none_s2_T30_lit_i5__dgx03_NVIDIAA100-SXM4-80GB.npz	4a3d35c9e73d279699442c1cd2938b5aa720256ef091bebbfc4d2e4dbfe903a0	75058
GLACIER_results/gl2_r13p9_w0p25_cell_none_s2_T40_lit_i0__dgx03_NVIDIAA100-SXM4-80GB.npz	d088e5566fd73fc0e653bbc2ce8d600e88362291c4ff876e946577b61920f182	75058
GLACIER_results/gl2_r13p9_w0p25_cell_none_s2_T40_lit_i1__dgx03_NVIDIAA100-SXM4-80GB.npz	20c4690bb54480ad027ce39f0262c64710656c70966165b7d78f2bc3cb8daba8	75058
GLACIER_results/gl2_r13p9_w0p25_cell_none_s2_T40_lit_i2__dgx03_NVIDIAA100-SXM4-80GB.npz	07a0f83a7d7ff63e88192066526527c9ed2802335d11c0b3334767373c910948	75058
GLACIER_results/gl2_r13p9_w0p25_cell_none_s2_T40_lit_i3__dgx03_NVIDIAA100-SXM4-80GB.npz	5c50c34bdb2081e1e17369aa2bbbbe948415a62e408448d30d2c64a11390c057	75058
GLACIER_results/gl2_r13p9_w0p25_cell_none_s2_T40_lit_i4__dgx03_NVIDIAA100-SXM4-80GB.npz	d91c83a6e2d671a14f92509941f3841ede3e2d381c360ec125b84978f44de8c4	75058
GLACIER_results/gl2_r13p9_w0p25_cell_none_s2_T40_lit_i5__dgx03_NVIDIAA100-SXM4-80GB.npz	1a637e888b89943cb59855720e171692ed9cfb536082d6c7e4ed6fdc75f8186b	75058
GLACIER_results/gl2_r13p9_w0p25_cell_none_s3_T30_lit_i0__dgx03_NVIDIAA100-SXM4-80GB.npz	add5202b1117e4dc997329443f2bf4b7e43c31d19195b4f0b8093743013c3c8f	75058
GLACIER_results/gl2_r13p9_w0p25_cell_none_s3_T30_lit_i1__dgx03_NVIDIAA100-SXM4-80GB.npz	d2d81276475fb25540416c9c3bfb59afc9bc5379d43b8ece4fb7f928583fd3ff	75058
GLACIER_results/gl2_r13p9_w0p25_cell_none_s3_T30_lit_i2__dgx03_NVIDIAA100-SXM4-80GB.npz	e7eef12772f807983743ff8479fb476d741b41a87dc2bf7f2bd5b22e420885bc	75058
GLACIER_results/gl2_r13p9_w0p25_cell_none_s3_T30_lit_i3__dgx03_NVIDIAA100-SXM4-80GB.npz	931be48c206faf6e538aa83c6e227895faf34c9ece6a61a04a45c18b30bf086b	75058
GLACIER_results/gl2_r13p9_w0p25_cell_none_s3_T30_lit_i4__dgx03_NVIDIAA100-SXM4-80GB.npz	8ebea61d6d448032decdf5317fd5f1d540f8a79e3e07bdc48e76fd305b9b6625	75058
GLACIER_results/gl2_r13p9_w0p25_cell_none_s3_T30_lit_i5__dgx03_NVIDIAA100-SXM4-80GB.npz	6953143e21bce7a32079040c7686c878f5b254c250918fef710f7410e8e70441	75058
GLACIER_results/gl2_r13p9_w0p25_cell_none_s3_T40_lit_i0__dgx03_NVIDIAA100-SXM4-80GB.npz	dc911f14de02169968d948108df11cf8049c8b5ec418f9c27b9b5e8479d44e3a	75042
GLACIER_results/gl2_r13p9_w0p25_cell_none_s3_T40_lit_i1__dgx03_NVIDIAA100-SXM4-80GB.npz	090830c55c58f17670298e704559a36661a66e276ca2b332d8d62f3eae2fcc40	75042
GLACIER_results/gl2_r13p9_w0p25_cell_none_s3_T40_lit_i2__dgx03_NVIDIAA100-SXM4-80GB.npz	e5c74a2c8624a6e8ae7bb62db556e44a177f45eb8306c21f0497374293f465f1	75042
GLACIER_results/gl2_r13p9_w0p25_cell_none_s3_T40_lit_i3__dgx03_NVIDIAA100-SXM4-80GB.npz	7254a7a260aea4e5e4240a459e6927ab534e4137176cb2483d7e55075827c436	75042
GLACIER_results/gl2_r13p9_w0p25_cell_none_s3_T40_lit_i4__dgx03_NVIDIAA100-SXM4-80GB.npz	dadbb7b4f7019deb7b6bda1ce78784384c3d9d19300b0482cf7b92fa4a658227	75042
GLACIER_results/gl2_r13p9_w0p25_cell_none_s3_T40_lit_i5__dgx03_NVIDIAA100-SXM4-80GB.npz	3ce16bb2988d5c9229943f1d35dab81e47b9c71288160c9507efb2ae09388507	75042
GLACIER_results/gl2_r13p9_w0p25_null0_e07_s0_T40_lit_i0__dgx03_NVIDIAA100-SXM4-80GB.npz	8a63dbc8cdc779fb3ca0840df58f3e9d11837d974db9940a04b2643bfcd1fa2b	81548
GLACIER_results/gl2_r13p9_w0p25_null0_e07_s0_T40_lit_i1__dgx03_NVIDIAA100-SXM4-80GB.npz	d865cd901283625214fe5fc6ac5ff2e9b52875f8693cd8ede687a2a467c04152	81548
GLACIER_results/gl2_r13p9_w0p25_null0_e07_s0_T40_lit_i2__dgx03_NVIDIAA100-SXM4-80GB.npz	6abdaa46ec3da7bc09b7c8002f778c9ce2643c785f7ee37b47c83ee8faceb8fe	81548
GLACIER_results/gl2_r13p9_w0p25_null0_e07_s0_T40_lit_i3__dgx03_NVIDIAA100-SXM4-80GB.npz	9fe4f791fd3fd40af4f244230f8907271280d9e749a0141b8ee52ade9bf0b019	81548
GLACIER_results/gl2_r13p9_w0p25_null0_e07_s0_T40_lit_i4__dgx03_NVIDIAA100-SXM4-80GB.npz	fd24fa63a8fbd05218f3b7db3eb277b0515e387eb3a693bce79376e8fb4cb052	81548
GLACIER_results/gl2_r13p9_w0p25_null0_e07_s0_T40_lit_i5__dgx03_NVIDIAA100-SXM4-80GB.npz	4afe3929b3f1f5abd77cd9a53792bf287af3c4739494fca1624aa1a85954b6d1	81548
GLACIER_results/gl2_r13p9_w0p25_null0_e07_s1_T40_lit_i0__dgx03_NVIDIAA100-SXM4-80GB.npz	fc55372fa4b3131db5901c5d2a7e22504437fe473d801b0521ef6c4c1076de5f	81548
GLACIER_results/gl2_r13p9_w0p25_null0_e07_s1_T40_lit_i1__dgx03_NVIDIAA100-SXM4-80GB.npz	d346871f88298dcb540f2197e6d6ecd823307a8807c5ce74b3db81d8161b93bf	81548
GLACIER_results/gl2_r13p9_w0p25_null0_e07_s1_T40_lit_i2__dgx03_NVIDIAA100-SXM4-80GB.npz	7eff03d4203ecf1963beb9775d2a5af001316fa59dbd8375d3b8bc16c2bfbb24	81548
GLACIER_results/gl2_r13p9_w0p25_null0_e07_s1_T40_lit_i3__dgx03_NVIDIAA100-SXM4-80GB.npz	75888ac0ffe2c294093e127ad420d8cbde248bc20e66c44e66078d2c03955f6f	81548
GLACIER_results/gl2_r13p9_w0p25_null0_e07_s1_T40_lit_i4__dgx03_NVIDIAA100-SXM4-80GB.npz	e7065d089442bea909b327a016d9470f404344a45e58f65dc21b2dc00c2b1321	81548
GLACIER_results/gl2_r13p9_w0p25_null0_e07_s1_T40_lit_i5__dgx03_NVIDIAA100-SXM4-80GB.npz	963dfe2c8c8358f8ceb445dd5348876f4e4c625983ee1aec2c99a4a69c6788f9	81548
GLACIER_results/gl2_r13p9_w0p25_null0_none_s0_T40_lit_i0__dgx03_NVIDIAA100-SXM4-80GB.npz	15e2566c28709fa9859e4eaf48efa24baf1dfcb85ba25ce3b3175fa659714755	75042
GLACIER_results/gl2_r13p9_w0p25_null0_none_s0_T40_lit_i1__dgx03_NVIDIAA100-SXM4-80GB.npz	92f0bfa759f679217977c5ee24301ff5e92b151b48ea3707b6049f59d693ad5c	75042
GLACIER_results/gl2_r13p9_w0p25_null0_none_s0_T40_lit_i2__dgx03_NVIDIAA100-SXM4-80GB.npz	e7b90a454f9e3699663260d0e8ef6399e7f2324ab186cea076681154b1f52be2	75042
GLACIER_results/gl2_r13p9_w0p25_null0_none_s0_T40_lit_i3__dgx03_NVIDIAA100-SXM4-80GB.npz	38b01934f8ea7b642f1eae8749c84c1ecee959250ab0cefce88c2f759b645e04	75042
GLACIER_results/gl2_r13p9_w0p25_null0_none_s0_T40_lit_i4__dgx03_NVIDIAA100-SXM4-80GB.npz	07a4c77cc23eddcbbffc3fc4ab4c772224ce00346d1b3d40bd74d0bf885470ef	75042
GLACIER_results/gl2_r13p9_w0p25_null0_none_s0_T40_lit_i5__dgx03_NVIDIAA100-SXM4-80GB.npz	fa0f4c7e847aa2d8ef638f4a015dd22fa56f7c6eed34d5fe68af281fe70ffe6b	75042
GLACIER_results/gl2_r13p9_w0p25_null0_none_s1_T40_lit_i0__dgx03_NVIDIAA100-SXM4-80GB.npz	b2114a89bd94737d3bce825d4e83e82ff762c3d9b3c638a62236852c2b94c8a0	75042
GLACIER_results/gl2_r13p9_w0p25_null0_none_s1_T40_lit_i1__dgx03_NVIDIAA100-SXM4-80GB.npz	5c0a57951c0c1bd9bbb7af8bd110cedc73fbe93b66f05eef5a5ec43c854a8108	75042
GLACIER_results/gl2_r13p9_w0p25_null0_none_s1_T40_lit_i2__dgx03_NVIDIAA100-SXM4-80GB.npz	9504130034bfe4ec212aa63be36713f2b9c3b2bc2f42a0cb972c102af41e0a46	75042
GLACIER_results/gl2_r13p9_w0p25_null0_none_s1_T40_lit_i3__dgx03_NVIDIAA100-SXM4-80GB.npz	e5399a2dacc2ee96eeafbc66ecfb3d570dfc2d4d4851488ecbee9aa323dfd281	75042
GLACIER_results/gl2_r13p9_w0p25_null0_none_s1_T40_lit_i4__dgx03_NVIDIAA100-SXM4-80GB.npz	a6b6353d5a4dfa84ffad68f3a42f213a9c4e085ea3b2e2b0da0bc3a1dc90a0b8	75042
GLACIER_results/gl2_r13p9_w0p25_null0_none_s1_T40_lit_i5__dgx03_NVIDIAA100-SXM4-80GB.npz	2a9fa1190bf7578f0ef91602cfc280ac615119a9b24941f28bfcaf03031b999a	75042
GLACIER_results/gl2_r13p9_w0p25_null1_e07_s0_T40_lit_i0__dgx03_NVIDIAA100-SXM4-80GB.npz	6351329a59a19b5f2ff15d48540b30e60fbc494fd6f2ca2f250a1c4360a14547	81548
GLACIER_results/gl2_r13p9_w0p25_null1_e07_s0_T40_lit_i1__dgx03_NVIDIAA100-SXM4-80GB.npz	f9cc749be470846d18aefd2ea3f873443af78585d6c196ff2087456247cfb86b	81548
GLACIER_results/gl2_r13p9_w0p25_null1_e07_s0_T40_lit_i2__dgx03_NVIDIAA100-SXM4-80GB.npz	f9c7e72ec98b252ceef4043b02466f5ead39729a10c57744c66d5940c5bee02c	81548
GLACIER_results/gl2_r13p9_w0p25_null1_e07_s0_T40_lit_i3__dgx03_NVIDIAA100-SXM4-80GB.npz	3aebdca7fab306efa628d20860dfe05cb0b3bd3278c7839d6b8367e9dbbd5436	81548
GLACIER_results/gl2_r13p9_w0p25_null1_e07_s0_T40_lit_i4__dgx03_NVIDIAA100-SXM4-80GB.npz	42124d9621376139d205336c7a63d3f4bc98be59ca1c9d24d0a90b32dae307ff	81548
GLACIER_results/gl2_r13p9_w0p25_null1_e07_s0_T40_lit_i5__dgx03_NVIDIAA100-SXM4-80GB.npz	45852e9f0efe4239e1162a6581310092ee081ff6f2b63002c540bc9251697f7d	81548
GLACIER_results/gl2_r13p9_w0p25_null1_e07_s1_T40_lit_i0__dgx03_NVIDIAA100-SXM4-80GB.npz	1d07604c7336c5ed8fadcb82ddcbc5541e33f7ded21993096b8a0257b3f7c0d0	81548
GLACIER_results/gl2_r13p9_w0p25_null1_e07_s1_T40_lit_i1__dgx03_NVIDIAA100-SXM4-80GB.npz	7c3446e5d12f8510f53ab4ce921516ccfb3fa1cec84057d1a5d26464d9f8726c	81548
GLACIER_results/gl2_r13p9_w0p25_null1_e07_s1_T40_lit_i2__dgx03_NVIDIAA100-SXM4-80GB.npz	e1decf6eb0d38041a3aa700e7f0afa99a5ed4d16025b460139e63b9428519487	81548
GLACIER_results/gl2_r13p9_w0p25_null1_e07_s1_T40_lit_i3__dgx03_NVIDIAA100-SXM4-80GB.npz	455fc556648c4f07c9bdd63778f4990555ab4b2d9f5c4aa3716859bfdc759a13	81548
GLACIER_results/gl2_r13p9_w0p25_null1_e07_s1_T40_lit_i4__dgx03_NVIDIAA100-SXM4-80GB.npz	6e1eb5c662cfcf07b67cab71cf9987dedcb59300149a66b56416bbeba2a18262	81548
GLACIER_results/gl2_r13p9_w0p25_null1_e07_s1_T40_lit_i5__dgx03_NVIDIAA100-SXM4-80GB.npz	aa3bfd9cf1ea37f682960c2a16e2fba3c6a5011bb4d8db06ce441a34cf4f1974	81548
GLACIER_results/gl2_r13p9_w0p25_null1_none_s0_T40_lit_i0__dgx03_NVIDIAA100-SXM4-80GB.npz	f4b4dcc52383a87804a6140ac1727661e3466a41becc9a3bc5aa7a06e8d5f58e	75042
GLACIER_results/gl2_r13p9_w0p25_null1_none_s0_T40_lit_i1__dgx03_NVIDIAA100-SXM4-80GB.npz	61c8e94c88addcab674f60924ed04ff5ced84320db0fcd2841fb31ac19ebc5c4	75042
GLACIER_results/gl2_r13p9_w0p25_null1_none_s0_T40_lit_i2__dgx03_NVIDIAA100-SXM4-80GB.npz	00400098af06d53643d55e26af18b987d0161fd2081ee5205cb1e20a6609e9d3	75042
GLACIER_results/gl2_r13p9_w0p25_null1_none_s0_T40_lit_i3__dgx03_NVIDIAA100-SXM4-80GB.npz	c589975162bc36cecbe2c7bfe696003e07d4aa1b9d4671ac584ad59d7accda38	75042
GLACIER_results/gl2_r13p9_w0p25_null1_none_s0_T40_lit_i4__dgx03_NVIDIAA100-SXM4-80GB.npz	820281858ee2095610fa25d44981d5f6e44db03651b3b97c71269d1cc27d5674	75042
GLACIER_results/gl2_r13p9_w0p25_null1_none_s0_T40_lit_i5__dgx03_NVIDIAA100-SXM4-80GB.npz	a5b2da895ca2cf51112e9d241f9af6fc18cd54045a9b60eb0d5e0d827159f79c	75042
GLACIER_results/gl2_r13p9_w0p25_null1_none_s1_T40_lit_i0__dgx03_NVIDIAA100-SXM4-80GB.npz	99cf63934efe3e864e13bde75da20bbd955f9b93ea7ef237867ad2bd0d69038e	75042
GLACIER_results/gl2_r13p9_w0p25_null1_none_s1_T40_lit_i1__dgx03_NVIDIAA100-SXM4-80GB.npz	21137a5a73b80afe9cd8541283d6429466daa649467a90974026b9adfa7696ce	75042
GLACIER_results/gl2_r13p9_w0p25_null1_none_s1_T40_lit_i2__dgx03_NVIDIAA100-SXM4-80GB.npz	9215df0c76e674eefbadb63d5364d0bd9f131e4e64e4539482efd337bd0235ef	75042
GLACIER_results/gl2_r13p9_w0p25_null1_none_s1_T40_lit_i3__dgx03_NVIDIAA100-SXM4-80GB.npz	e03e2c62985e67dc8ae9a7e4e90186b26c87ca2da07a0ead7aab953313bcf5c5	75042
GLACIER_results/gl2_r13p9_w0p25_null1_none_s1_T40_lit_i4__dgx03_NVIDIAA100-SXM4-80GB.npz	88a116d90cf1eead6f9c160bd4f61fe893d9bf43d11fdba651a60cadb840325b	75042
GLACIER_results/gl2_r13p9_w0p25_null1_none_s1_T40_lit_i5__dgx03_NVIDIAA100-SXM4-80GB.npz	9ea59ba3d2b0272037130585613b838ca17357948701a52a28f35149e104b1aa	75042
GLACIER_results/gl2_r13p9_w0p25_null2_e07_s0_T40_lit_i0__dgx03_NVIDIAA100-SXM4-80GB.npz	84d30abb8f6af51db341f366cc33662e6724f6ff3d60201be0f36724715b5430	81548
GLACIER_results/gl2_r13p9_w0p25_null2_e07_s0_T40_lit_i1__dgx03_NVIDIAA100-SXM4-80GB.npz	5ed74ae3a9208c41606fb277b52f05c8b27ca29fc5bf4e5bf6ec7c86eefbf0e9	81548
GLACIER_results/gl2_r13p9_w0p25_null2_e07_s0_T40_lit_i2__dgx03_NVIDIAA100-SXM4-80GB.npz	f551aaff2bbfdc28d9cf18adf78e8df1b36d3cbf05ecd10f75c54e6ad23a1d1f	81548
GLACIER_results/gl2_r13p9_w0p25_null2_e07_s0_T40_lit_i3__dgx03_NVIDIAA100-SXM4-80GB.npz	a18140ecb4b1b8a56c1f122180c5f56d431d819ee90c5b4748ff635ff0e6fe15	81548
GLACIER_results/gl2_r13p9_w0p25_null2_e07_s0_T40_lit_i4__dgx03_NVIDIAA100-SXM4-80GB.npz	0a0500339c8247e496242aa83e57cd90724b7e9d68df7659036cddaa45c77829	81548
GLACIER_results/gl2_r13p9_w0p25_null2_e07_s0_T40_lit_i5__dgx03_NVIDIAA100-SXM4-80GB.npz	807eeca6b6b97305972b3cc2c8905455499f6356828ff060f52a7bcd79cc5d20	81548
GLACIER_results/gl2_r13p9_w0p25_null2_e07_s1_T40_lit_i0__dgx03_NVIDIAA100-SXM4-80GB.npz	687b7712e1c0f122c0fce362c96a34fb318fb0a6d511d04e085d00d3bb2edcfa	81548
GLACIER_results/gl2_r13p9_w0p25_null2_e07_s1_T40_lit_i1__dgx03_NVIDIAA100-SXM4-80GB.npz	b86036e8e394d53bd17a747b7d658915007aae3d5c43fd69abeb1ba8ed02a16e	81548
GLACIER_results/gl2_r13p9_w0p25_null2_e07_s1_T40_lit_i2__dgx03_NVIDIAA100-SXM4-80GB.npz	24d2dc7f652150d8299efae9a59e8c4934691dc4e6a88de69a1f1cffd2fb58a1	81548
GLACIER_results/gl2_r13p9_w0p25_null2_e07_s1_T40_lit_i3__dgx03_NVIDIAA100-SXM4-80GB.npz	2f31f0d9ce02dd66abc279326984a0ed39120ef27880d638469c623c2c017d8d	81548
GLACIER_results/gl2_r13p9_w0p25_null2_e07_s1_T40_lit_i4__dgx03_NVIDIAA100-SXM4-80GB.npz	edab8973832fed4aaa4e72f7fd5622a975408224b791355cff0eebc3d6ffe0ab	81548
GLACIER_results/gl2_r13p9_w0p25_null2_e07_s1_T40_lit_i5__dgx03_NVIDIAA100-SXM4-80GB.npz	12d0079c132e1656dac497123a7d88be8ab3321b2134348429cfdffefc598318	81548
GLACIER_results/gl2_r13p9_w0p25_null2_none_s0_T40_lit_i0__dgx03_NVIDIAA100-SXM4-80GB.npz	5c7f113b91d67481ecc3c5c854a0cdb94eee13a7676b63d7b515ed6f2f00624c	75042
GLACIER_results/gl2_r13p9_w0p25_null2_none_s0_T40_lit_i1__dgx03_NVIDIAA100-SXM4-80GB.npz	1c443436ee7ea866755cf9038b8c657b61f9d0c88aaed2458d6d356d7e0ecfe6	75042
GLACIER_results/gl2_r13p9_w0p25_null2_none_s0_T40_lit_i2__dgx03_NVIDIAA100-SXM4-80GB.npz	8efe7d31d763a44c9b12ab950097234fecc3063d32102673b0f2011f4d0083cf	75042
GLACIER_results/gl2_r13p9_w0p25_null2_none_s0_T40_lit_i3__dgx03_NVIDIAA100-SXM4-80GB.npz	ce0138d213052e10735baef763ef7e98a52db82cc61f38706c249c7bb34da74f	75042
GLACIER_results/gl2_r13p9_w0p25_null2_none_s0_T40_lit_i4__dgx03_NVIDIAA100-SXM4-80GB.npz	1e1f3383bd6ea9df494bfac9a9565c0fb969db77b3d3f6931b7d0d33e528da0e	75042
GLACIER_results/gl2_r13p9_w0p25_null2_none_s0_T40_lit_i5__dgx03_NVIDIAA100-SXM4-80GB.npz	dd12c512bd5b967e9e7a452ea97cdbdd84eb76786b813fe90f4363e8ce8c996c	75042
GLACIER_results/gl2_r13p9_w0p25_null2_none_s1_T40_lit_STOPANAT_i0__dgx03_NVIDIAA100-SXM4-80GB.npz	a0147ea2a2beb5a58e9722104cdaea8e30862d962c46f5c3fa23eb091be17889	24246
GLACIER_results/gl2_r13p9_w0p5_cell_e07_s0_T30_lit_i0__dgx03_NVIDIAA100-SXM4-80GB.npz	12cea16e4cc8a75fc54d68ed3ff2035bf46665d2799d2a722139d085e720719f	81548
GLACIER_results/gl2_r13p9_w0p5_cell_e07_s0_T30_lit_i1__dgx03_NVIDIAA100-SXM4-80GB.npz	58aa851ad041650b6b13de89bfbc40e3e4fd6efd747ac7c0efac0ecaf33d10da	81548
GLACIER_results/gl2_r13p9_w0p5_cell_e07_s0_T30_lit_i2__dgx03_NVIDIAA100-SXM4-80GB.npz	62438a21e969f3610cf6b8bc184c5b1df0f0e83d11a3967468c1edf023c10806	81548
GLACIER_results/gl2_r13p9_w0p5_cell_e07_s0_T30_lit_i3__dgx03_NVIDIAA100-SXM4-80GB.npz	ebd5e804040fe08db760ee2b98ceba8935425a1541ffc13a2fee015b2fa0853a	81548
GLACIER_results/gl2_r13p9_w0p5_cell_e07_s0_T30_lit_i4__dgx03_NVIDIAA100-SXM4-80GB.npz	693be0712bac4dafd7bb440ab266ff8bfea3d893364f675be62f09851ec68417	81548
GLACIER_results/gl2_r13p9_w0p5_cell_e07_s0_T30_lit_i5__dgx03_NVIDIAA100-SXM4-80GB.npz	80685c5889dd5f8afe663edc3881a6da263d3167bd3c4d5af7cbb49aeb84d92b	81548
GLACIER_results/gl2_r13p9_w0p5_cell_e07_s0_T40_lit_i0__dgx03_NVIDIAA100-SXM4-80GB.npz	ae08289e20f99d62bd93ca7aa37062fdc3f85ca766103a815eeeda88c845cc75	81548
GLACIER_results/gl2_r13p9_w0p5_cell_e07_s0_T40_lit_i1__dgx03_NVIDIAA100-SXM4-80GB.npz	ad4481e74e37af1d01b97815190b591f3241b89eb29e732a162d68eb82a510f5	81548
GLACIER_results/gl2_r13p9_w0p5_cell_e07_s0_T40_lit_i2__dgx03_NVIDIAA100-SXM4-80GB.npz	8dc52ae8cd937e5760f0c3cac18355602b51dc3a0f92b3747d2f3e81c7267433	81548
GLACIER_results/gl2_r13p9_w0p5_cell_e07_s0_T40_lit_i3__dgx03_NVIDIAA100-SXM4-80GB.npz	03af2c548850a37b3fb1c0c795c568d1a028f4b5a11a8e04796e866935be0838	81548
GLACIER_results/gl2_r13p9_w0p5_cell_e07_s0_T40_lit_i4__dgx03_NVIDIAA100-SXM4-80GB.npz	de6e41c75338c57f4d46c6fa78cfaf9e192e04fdf678dc805a1bb098dc1b72a8	81548
GLACIER_results/gl2_r13p9_w0p5_cell_e07_s0_T40_lit_i5__dgx03_NVIDIAA100-SXM4-80GB.npz	3c7a9c9653b91da9466b00983ec144f67cc6132a4fe553f3a5ea49ca5583d9a2	81548
GLACIER_results/gl2_r13p9_w0p5_cell_e07_s1_T30_lit_i0__dgx03_NVIDIAA100-SXM4-80GB.npz	ba6cebb957c519b734c8f774b5a60db5148591c9a125c9b3edc465cf312b86c2	81548
GLACIER_results/gl2_r13p9_w0p5_cell_e07_s1_T30_lit_i1__dgx03_NVIDIAA100-SXM4-80GB.npz	316a3d14967ce0ebfbbd708eeafc44bf623d37c5a97a97197bab49b4725d8f01	81548
GLACIER_results/gl2_r13p9_w0p5_cell_e07_s1_T30_lit_i2__dgx03_NVIDIAA100-SXM4-80GB.npz	0c33a0f3b91cea880deb12b7562049dabcbc24904e1c13a8103ed17c3a90f229	81548
GLACIER_results/gl2_r13p9_w0p5_cell_e07_s1_T30_lit_i3__dgx03_NVIDIAA100-SXM4-80GB.npz	82bf515ad284ca521585f1d9e407e10bcdc9712a645635ff0a592b6f76d1ff07	81548
GLACIER_results/gl2_r13p9_w0p5_cell_e07_s1_T30_lit_i4__dgx03_NVIDIAA100-SXM4-80GB.npz	1ae9fd93b75bb904c39351a9e205ac44f764e0e9f3423138135e32dc32a09607	81548
GLACIER_results/gl2_r13p9_w0p5_cell_e07_s1_T30_lit_i5__dgx03_NVIDIAA100-SXM4-80GB.npz	226f85afcf45409657735786d0cb271fcb1a268f31840c381ff5333e12179f16	81548
GLACIER_results/gl2_r13p9_w0p5_cell_e07_s1_T40_lit_i0__dgx03_NVIDIAA100-SXM4-80GB.npz	97f9936af2bebb72e1bb6011d9af1e8b0a82d54457262e89e80fca60de05a28d	81548
GLACIER_results/gl2_r13p9_w0p5_cell_e07_s1_T40_lit_i1__dgx03_NVIDIAA100-SXM4-80GB.npz	1126015f3f9c391a2601af215edd9bf41d654ac301427e54eb01edd47f22a475	81548
GLACIER_results/gl2_r13p9_w0p5_cell_e07_s1_T40_lit_i2__dgx03_NVIDIAA100-SXM4-80GB.npz	e8f8fb8e1a6021f92664e4b4b46441ca9c8642bc66dbeaecc5808b057ad106ee	81548
GLACIER_results/gl2_r13p9_w0p5_cell_e07_s1_T40_lit_i3__dgx03_NVIDIAA100-SXM4-80GB.npz	40733923df612b453513c58e7b528259e745093ec57fd7c7aac94a06afe81270	81548
GLACIER_results/gl2_r13p9_w0p5_cell_e07_s1_T40_lit_i4__dgx03_NVIDIAA100-SXM4-80GB.npz	5374260435bcc71caf2c14bc1a6881b8c58f25ed30392328c3619103bb1fdecb	81548
GLACIER_results/gl2_r13p9_w0p5_cell_e07_s1_T40_lit_i5__dgx03_NVIDIAA100-SXM4-80GB.npz	c96b1ea13de6230cae6de3644cf5489aeb0050edacb044b776dd3de371ae64d2	81548
GLACIER_results/gl2_r13p9_w0p5_cell_e07_s2_T30_lit_i0__dgx03_NVIDIAA100-SXM4-80GB.npz	7405ada4f594ad7cfc6e2688fe21075fd5604d9a00d269f214b367f5237af476	81548
GLACIER_results/gl2_r13p9_w0p5_cell_e07_s2_T30_lit_i1__dgx03_NVIDIAA100-SXM4-80GB.npz	b5c6a500b8ca3a7cb80b81cd7caf8f928fc619be2831c5ba46503f534c19a11e	81548
GLACIER_results/gl2_r13p9_w0p5_cell_e07_s2_T30_lit_i2__dgx03_NVIDIAA100-SXM4-80GB.npz	d0d838ae82ccdb551af324dd53b8434ccb7e003ea7e2f12e273c660c5117d973	81548
GLACIER_results/gl2_r13p9_w0p5_cell_e07_s2_T30_lit_i3__dgx03_NVIDIAA100-SXM4-80GB.npz	991395bdd0441b56f85cfbff431a8ddfc4502e4d36d851d94fd0a110e2dfcf4e	81548
GLACIER_results/gl2_r13p9_w0p5_cell_e07_s2_T30_lit_i4__dgx03_NVIDIAA100-SXM4-80GB.npz	48599f9ae58ad0ff187195f1e92bd1a33e9c4c8669e8aa6ca2d46d8fa9fff34b	81548
GLACIER_results/gl2_r13p9_w0p5_cell_e07_s2_T30_lit_i5__dgx03_NVIDIAA100-SXM4-80GB.npz	b79b094f49dab5ac7cb4e54af80b9ce715a44328c03cc56f39140eae4f3d8379	81548
GLACIER_results/gl2_r13p9_w0p5_cell_e07_s2_T40_lit_i0__dgx03_NVIDIAA100-SXM4-80GB.npz	b330a721d8f42b7d403469e58b4cf70fba1fa7b3f2da08e44bedd10404265b6e	81548
GLACIER_results/gl2_r13p9_w0p5_cell_e07_s2_T40_lit_i1__dgx03_NVIDIAA100-SXM4-80GB.npz	f330a80668f63f524edbf70fc372fa1c8ec65805d8bf4aab7b6c564f3ab9a6d3	81548
GLACIER_results/gl2_r13p9_w0p5_cell_e07_s2_T40_lit_i2__dgx03_NVIDIAA100-SXM4-80GB.npz	f5907cc978e82aa5b08c98696aa5e6c8b0f51cb9d7e69faf0f98e70f6365c974	81548
GLACIER_results/gl2_r13p9_w0p5_cell_e07_s2_T40_lit_i3__dgx03_NVIDIAA100-SXM4-80GB.npz	4aa2dad0643b1b329467870e06bac0fbc9a4987d37d3ee251333a6cff422dd0b	81548
GLACIER_results/gl2_r13p9_w0p5_cell_e07_s2_T40_lit_i4__dgx03_NVIDIAA100-SXM4-80GB.npz	c45c4c62047a1b9006882b93ef7d8273a9ab1836f22b06269e1c26bee9ac69df	81548
GLACIER_results/gl2_r13p9_w0p5_cell_e07_s2_T40_lit_i5__dgx03_NVIDIAA100-SXM4-80GB.npz	ad319b9775921f2153911c91ae629b6c6c37dbeaba72883c2ff56af3d4cecd42	81548
GLACIER_results/gl2_r13p9_w0p5_cell_e07_s3_T30_lit_i0__dgx03_NVIDIAA100-SXM4-80GB.npz	ab9ac064b96a382c140e748acd22d942e3c5cd8122db66933bd0a44794dbc176	81548
GLACIER_results/gl2_r13p9_w0p5_cell_e07_s3_T30_lit_i1__dgx03_NVIDIAA100-SXM4-80GB.npz	ec7d0d5e0aa22b37376b4e472923db406ac285bc4f39d31e7b4ef7d3d0a7ada2	81548
GLACIER_results/gl2_r13p9_w0p5_cell_e07_s3_T30_lit_i2__dgx03_NVIDIAA100-SXM4-80GB.npz	fd516d7719ae293188eeb5b46c241c325952706836b9742c309625e44836c5f7	81548
GLACIER_results/gl2_r13p9_w0p5_cell_e07_s3_T30_lit_i3__dgx03_NVIDIAA100-SXM4-80GB.npz	ed43beae564f754515f35d52b50279b008a304aba505c98d23a37728542b0b94	81548
GLACIER_results/gl2_r13p9_w0p5_cell_e07_s3_T30_lit_i4__dgx03_NVIDIAA100-SXM4-80GB.npz	e92f67fd54fce06939be5e53ac51b57495bdc8b1a7f12a87aeb4b769af8b420c	81548
GLACIER_results/gl2_r13p9_w0p5_cell_e07_s3_T30_lit_i5__dgx03_NVIDIAA100-SXM4-80GB.npz	54a41e259359ebe85128b2ecbf2ae938742004b5823b9ef8b1aafdc6b0472dce	81548
GLACIER_results/gl2_r13p9_w0p5_cell_e07_s3_T40_lit_i0__dgx03_NVIDIAA100-SXM4-80GB.npz	8b0da88a36913f57b04bc003a9846ee9d16722bc3007f396da4b36479861aeb3	81548
GLACIER_results/gl2_r13p9_w0p5_cell_e07_s3_T40_lit_i1__dgx03_NVIDIAA100-SXM4-80GB.npz	9721cd758fbf7a37cbb66b5188f2eaf3f0911a0722e30051297df269e6b38244	81548
GLACIER_results/gl2_r13p9_w0p5_cell_e07_s3_T40_lit_i2__dgx03_NVIDIAA100-SXM4-80GB.npz	d9e32e461c60eb08abac70b575ab494569fc526d438b74f8bab9dd34c13945c5	81548
GLACIER_results/gl2_r13p9_w0p5_cell_e07_s3_T40_lit_i3__dgx03_NVIDIAA100-SXM4-80GB.npz	ec241e21ed00a882d076f99c8e8133df793c65f4954668569507fa68c640fb38	81548
GLACIER_results/gl2_r13p9_w0p5_cell_e07_s3_T40_lit_i4__dgx03_NVIDIAA100-SXM4-80GB.npz	5715fac5e8553ceee9c77162b9dc65cff9288566915e75ed2f84ffe954fcdf03	81548
GLACIER_results/gl2_r13p9_w0p5_cell_e07_s3_T40_lit_i5__dgx03_NVIDIAA100-SXM4-80GB.npz	ad06722fffa2f8318e70c7b691e39716430d3cefe0c2b3120ddede0ccd4ee159	81548
GLACIER_results/gl2_r13p9_w0p5_cell_none_s0_T30_lit_i0__dgx03_NVIDIAA100-SXM4-80GB.npz	f97a2e8f5c362a2aafd557f91ebcc178adb07070b3be9873f340bcad94c6edec	75058
GLACIER_results/gl2_r13p9_w0p5_cell_none_s0_T30_lit_i1__dgx03_NVIDIAA100-SXM4-80GB.npz	26992e6a6f9edeca015c6ccce5bcd69e03802a6b66702c44eadce122af580598	75058
GLACIER_results/gl2_r13p9_w0p5_cell_none_s0_T30_lit_i2__dgx03_NVIDIAA100-SXM4-80GB.npz	4a41bd7c81bc9f9e56dbd3c9782dfc9fafcab5d594e80047c7de7fc001fb3a27	75058
GLACIER_results/gl2_r13p9_w0p5_cell_none_s0_T30_lit_i3__dgx03_NVIDIAA100-SXM4-80GB.npz	5af3adf8e2f403474c01977def097fde31456292f8d00b4513a47bc6f42dc9c6	75058
GLACIER_results/gl2_r13p9_w0p5_cell_none_s0_T30_lit_i4__dgx03_NVIDIAA100-SXM4-80GB.npz	0313c2445755d1ebad915ad6e28ffef2e6180fafa081b983c6f9f2f2efb1155c	75058
GLACIER_results/gl2_r13p9_w0p5_cell_none_s0_T30_lit_i5__dgx03_NVIDIAA100-SXM4-80GB.npz	1abae58da963ffd2cd139793986df766757766e753f5fd43b025c498c1e20a1a	75058
GLACIER_results/gl2_r13p9_w0p5_cell_none_s0_T40_lit_i0__dgx03_NVIDIAA100-SXM4-80GB.npz	cb45ce5b235e3dac466a463c65d3c909562bcf595687077af0f98bcd71289102	75058
GLACIER_results/gl2_r13p9_w0p5_cell_none_s0_T40_lit_i1__dgx03_NVIDIAA100-SXM4-80GB.npz	178f9ba20c44749ebb64f421ad2916d8edabd2bb91b2940d9ca5dfddca063082	75058
GLACIER_results/gl2_r13p9_w0p5_cell_none_s0_T40_lit_i2__dgx03_NVIDIAA100-SXM4-80GB.npz	a1dc363c4ad1b63b5eb6ded4be966df3beb14d6364627aa6b848acb06dfe18f8	75058
GLACIER_results/gl2_r13p9_w0p5_cell_none_s0_T40_lit_i3__dgx03_NVIDIAA100-SXM4-80GB.npz	16eeba6e80e68e45c668289e1ed513a0b26efb1772d340079039f1aaad7051ff	75058
GLACIER_results/gl2_r13p9_w0p5_cell_none_s0_T40_lit_i4__dgx03_NVIDIAA100-SXM4-80GB.npz	8e10bee0bcc6b128667c94910966129e5fc20622237c5abef28bb97d7416043f	75058
GLACIER_results/gl2_r13p9_w0p5_cell_none_s0_T40_lit_i5__dgx03_NVIDIAA100-SXM4-80GB.npz	fd0446ccb5e2308599f028b2e64ffbb4d877c1dfd0d3daa9f26eef7aeac3e6f0	75058
GLACIER_results/gl2_r13p9_w0p5_cell_none_s1_T30_lit_i0__dgx03_NVIDIAA100-SXM4-80GB.npz	3e698b155092bab60faf4516eb8960628771ef3a88627c4fc1ecf9740c967312	75010
GLACIER_results/gl2_r13p9_w0p5_cell_none_s1_T30_lit_i1__dgx03_NVIDIAA100-SXM4-80GB.npz	ee6b7e4b0b0800170420cc0887c694398a03867ab53ddf54c6f278622b494b77	75010
GLACIER_results/gl2_r13p9_w0p5_cell_none_s1_T30_lit_i2__dgx03_NVIDIAA100-SXM4-80GB.npz	68bb2190c064ce56722772a49f4b2dd0a3cedab45d1c4c47ea22343580addd3f	75010
GLACIER_results/gl2_r13p9_w0p5_cell_none_s1_T30_lit_i3__dgx03_NVIDIAA100-SXM4-80GB.npz	8a6271b01031a4cbbb47e945ca79f3c06abf6906f6e2a7dd229d6f1707f87ce5	75010
GLACIER_results/gl2_r13p9_w0p5_cell_none_s1_T30_lit_i4__dgx03_NVIDIAA100-SXM4-80GB.npz	d60a8114e92ce4b49dd18ae9b957b55e4352fa49af30081e17590ea53d036ce0	75010
GLACIER_results/gl2_r13p9_w0p5_cell_none_s1_T30_lit_i5__dgx03_NVIDIAA100-SXM4-80GB.npz	0f688812a3ff9aeda67cebbd8efc582d22db54e06208f8ca681e41e5b3f3fc48	75010
GLACIER_results/gl2_r13p9_w0p5_cell_none_s1_T40_lit_i0__dgx03_NVIDIAA100-SXM4-80GB.npz	8462ec5d8dbc288ee939cbf40b9d21376d86f707a1f3cf8b540e501ad81504b6	75010
GLACIER_results/gl2_r13p9_w0p5_cell_none_s1_T40_lit_i1__dgx03_NVIDIAA100-SXM4-80GB.npz	3dcc2a1602948236293049bb76512c37bd977add0c65921394b9bd2e6fa44ad9	75010
GLACIER_results/gl2_r13p9_w0p5_cell_none_s1_T40_lit_i2__dgx03_NVIDIAA100-SXM4-80GB.npz	d460ca41d9c54b633c3567273cf800738d40028e839bdedc6a282a48e952a78c	75010
GLACIER_results/gl2_r13p9_w0p5_cell_none_s1_T40_lit_i3__dgx03_NVIDIAA100-SXM4-80GB.npz	ef8a4aa2021813d89c33015e1233ebf14f9a298cea5ca1e4b65cce36984527b4	75010
GLACIER_results/gl2_r13p9_w0p5_cell_none_s1_T40_lit_i4__dgx03_NVIDIAA100-SXM4-80GB.npz	8b12369537631692ef3827d719b4472414ca89350dc1f4d77fde09bf198d3bcd	75010
GLACIER_results/gl2_r13p9_w0p5_cell_none_s1_T40_lit_i5__dgx03_NVIDIAA100-SXM4-80GB.npz	6ee9012e241a993813bbe1da1eda8ba40d4606b6bf2041350454cd267dff24d0	75010
GLACIER_results/gl2_r13p9_w0p5_cell_none_s2_T30_lit_i0__dgx03_NVIDIAA100-SXM4-80GB.npz	461db48ce2f6a6cd4489917253c63655912f1c4ceaeb9a147db2c31ffe01fffc	75058
GLACIER_results/gl2_r13p9_w0p5_cell_none_s2_T30_lit_i1__dgx03_NVIDIAA100-SXM4-80GB.npz	73ec658c0a0e293801918728c29a964504a37d0179c486b3736600e4be716d33	75058
GLACIER_results/gl2_r13p9_w0p5_cell_none_s2_T30_lit_i2__dgx03_NVIDIAA100-SXM4-80GB.npz	83d5f0240d10c96a21f36ced398d4ea1c0e15c968f3ebbdf0e88ab9858167634	75058
GLACIER_results/gl2_r13p9_w0p5_cell_none_s2_T30_lit_i3__dgx03_NVIDIAA100-SXM4-80GB.npz	3548ca4e41955e60ff64ed99f99a54430c2a6b045160aa264ac3b3d805ae20fd	75058
GLACIER_results/gl2_r13p9_w0p5_cell_none_s2_T30_lit_i4__dgx03_NVIDIAA100-SXM4-80GB.npz	717d08269d5504a294251f9c28e3385f03e5b778d214163df62cc32ce655dff8	75058
GLACIER_results/gl2_r13p9_w0p5_cell_none_s2_T30_lit_i5__dgx03_NVIDIAA100-SXM4-80GB.npz	f8ad39d26287177e62c192bacc164c2f6064b76d83e8ca754fc951b0a6340549	75058
GLACIER_results/gl2_r13p9_w0p5_cell_none_s2_T40_lit_i0__dgx03_NVIDIAA100-SXM4-80GB.npz	416a1fd2508fb2bb2d87df7e184b55fe4073cda1f2514bf1626fdd4290d888cd	75058
GLACIER_results/gl2_r13p9_w0p5_cell_none_s2_T40_lit_i1__dgx03_NVIDIAA100-SXM4-80GB.npz	42872fd9db7337a95bfffad319bcc8ab695fe89ef89be2f02a701f4d890e8c5f	75058
GLACIER_results/gl2_r13p9_w0p5_cell_none_s2_T40_lit_i2__dgx03_NVIDIAA100-SXM4-80GB.npz	dd68aaa2bb17d77a74d185c0b1b77863e675309bf536003393cf7ba171b0567e	75058
GLACIER_results/gl2_r13p9_w0p5_cell_none_s2_T40_lit_i3__dgx03_NVIDIAA100-SXM4-80GB.npz	419bdc75de1dfc19c944de65da06afc1c85d851bbdc652be6992d9cddbc78053	75058
GLACIER_results/gl2_r13p9_w0p5_cell_none_s2_T40_lit_i4__dgx03_NVIDIAA100-SXM4-80GB.npz	3cc97c9fdd987b2fc12eee27cfaa9ded3a66ebb8d53cc403b50a26804e80b42a	75058
GLACIER_results/gl2_r13p9_w0p5_cell_none_s2_T40_lit_i5__dgx03_NVIDIAA100-SXM4-80GB.npz	529b6c176ec1eff789e2ad210fb0da17f6d7c07c884bfb6d786a6f992c400fb5	75058
GLACIER_results/gl2_r13p9_w0p5_cell_none_s3_T30_lit_i0__dgx03_NVIDIAA100-SXM4-80GB.npz	b8c38d024589dea7049fdefd37bec9b8aa100953409e36b61bb86e1ca3b06901	75058
GLACIER_results/gl2_r13p9_w0p5_cell_none_s3_T30_lit_i1__dgx03_NVIDIAA100-SXM4-80GB.npz	c3d870bdecde1427b209c13719bb9aaffbaa562a8d4e1050f8c1af3a2a204d93	75058
GLACIER_results/gl2_r13p9_w0p5_cell_none_s3_T30_lit_i2__dgx03_NVIDIAA100-SXM4-80GB.npz	41a4ffb7761c1081e983672e677fae21908e8ddcb592c363c2aa7104a9a5f4b3	75058
GLACIER_results/gl2_r13p9_w0p5_cell_none_s3_T30_lit_i3__dgx03_NVIDIAA100-SXM4-80GB.npz	acf32f3986a787ae3527bf134879f170aea3451dba2e43bf7c52b88afcfc8eb2	75058
GLACIER_results/gl2_r13p9_w0p5_cell_none_s3_T30_lit_i4__dgx03_NVIDIAA100-SXM4-80GB.npz	b18512f5fd467e2759f46515d36bdc303bb23cbd03f484d2c6a3b227455afd08	75058
GLACIER_results/gl2_r13p9_w0p5_cell_none_s3_T30_lit_i5__dgx03_NVIDIAA100-SXM4-80GB.npz	7b3aa4a4a6d871fb5dfd2b037f58f6e0d7fb76255600f86c94dc052a4c10c598	75058
GLACIER_results/gl2_r13p9_w0p5_cell_none_s3_T40_lit_i0__dgx03_NVIDIAA100-SXM4-80GB.npz	2b8764112629a5a7255065b9dac0aa700c21130e38dc047b9b4729e85e6534d1	75042
GLACIER_results/gl2_r13p9_w0p5_cell_none_s3_T40_lit_i1__dgx03_NVIDIAA100-SXM4-80GB.npz	c6c351d2e4eb31b44bf6bb12a8c406e148a615867f8d6fff87b51cadff588e11	75042
GLACIER_results/gl2_r13p9_w0p5_cell_none_s3_T40_lit_i2__dgx03_NVIDIAA100-SXM4-80GB.npz	9eb50f92d68f1c6e49cd339fa03a4fc33d194cc019d054df4a6fbde3ef3e1a16	75042
GLACIER_results/gl2_r13p9_w0p5_cell_none_s3_T40_lit_i3__dgx03_NVIDIAA100-SXM4-80GB.npz	c6c3ee9bd6961af53b6e6b6d4cf73a9bca5ee4ea3b658508675e3d93f9d15775	75042
GLACIER_results/gl2_r13p9_w0p5_cell_none_s3_T40_lit_i4__dgx03_NVIDIAA100-SXM4-80GB.npz	8eaa5809559a83b86348d4a2037dd2bae8a8c6f09881379bb6413bc44fcb1df6	75042
GLACIER_results/gl2_r13p9_w0p5_cell_none_s3_T40_lit_i5__dgx03_NVIDIAA100-SXM4-80GB.npz	4517c9cf955f8ae368282efb50a94c5715061c24879fc28a1351b5fba7728f5b	75042
GLACIER_results/gl2_v2_frontier_validation__dgx03_NVIDIAA100-SXM4-80GB.npz	9043be1494e6e63801b51fd331a18f6a8fa0d3ac38822fb4b293afb008bcafb3	6096
GLACIER_results/preFRONTIERFIX/drill_resume/gl1_cell_e07_s0_T30_lit_i0__hgx03_NVIDIAH200.npz	0c58c054f7ae28c7466fbd2815c4fb17668b5cd20182c6100a77ce7f9a452b38	31478
GLACIER_results/preFRONTIERFIX/drill_resume/gl1_cell_e07_s0_T30_lit_i1__hgx03_NVIDIAH200.npz	ffe5fc1789445c1193ea719c3da3d31951d07a77f1c04b9432626bec6ceda329	31478
GLACIER_results/preFRONTIERFIX/drill_resume/gl1_cell_e07_s0_T30_lit_i2__hgx03_NVIDIAH200.npz	1d940aac9e46df494d595867c63041deefea96c085ed57835219d22f2ffb08bf	31478
GLACIER_results/preFRONTIERFIX/drill_straight/gl1_cell_e07_s0_T30_lit_i0__hgx03_NVIDIAH200.npz	3f19b3623a1e0362e62e1f70e8b3b7d2db8e7e790cacdd314f488ea899c5bad0	31478
GLACIER_results/preFRONTIERFIX/drill_straight/gl1_cell_e07_s0_T30_lit_i1__hgx03_NVIDIAH200.npz	5a5a58fde2ae19f529973769211c7c1cb67ce6dd988f71d4a2b954cb77130815	31478
GLACIER_results/preFRONTIERFIX/drill_straight/gl1_cell_e07_s0_T30_lit_i2__hgx03_NVIDIAH200.npz	e11f5ee2e811d8bd05cd3f3dc29dc4f275317e0223d4a643e7a12585c530bb4c	31478
GLACIER_results/preFRONTIERFIX/gl1_cell_e07_s0_T30_lit_i0__hgx03_NVIDIAH200.npz	f93a04ce1a114b46c93518d3c4eac35960aaa2ea38b545d65c00516080dfc9f8	78518
GLACIER_results/preFRONTIERFIX/gl1_cell_e07_s0_T30_lit_i1__hgx03_NVIDIAH200.npz	9b9cf05ee151db83a1265f752eeb28f95f97796aaff0521782de550c208d93ce	78518
GLACIER_results/preFRONTIERFIX/gl1_cell_e07_s0_T30_lit_i2__hgx03_NVIDIAH200.npz	7795edb4bd455eef0c277ed3f0ad98c3d25095404d8bac9209111d89f5af7e21	78518
GLACIER_results/preFRONTIERFIX/gl1_cell_e07_s0_T30_lit_i3__hgx03_NVIDIAH200.npz	7270a58c690903b120f6b4766dcfe97bbd69d5f7b28cd14ec54b713d9588f11e	78518
GLACIER_results/preFRONTIERFIX/gl1_cell_e07_s0_T30_lit_i4__hgx03_NVIDIAH200.npz	38c2bd60961bf626ad17a0e55faab8421d0b62fd4551b2ea3819045b4fc3d1cd	78518
GLACIER_results/preFRONTIERFIX/gl1_cell_e07_s0_T30_lit_i5__hgx03_NVIDIAH200.npz	315fc90d84d1169877d9a46a4486172b86ad0453f56b03962356eb1f66127366	78518
GLACIER_results/preFRONTIERFIX/gl1_cell_e07_s1_T30_lit_i0__hgx03_NVIDIAH200.npz	c843e14fedd03008c21aeda3f780fe35f805fbe7ff1da37eff7bfb7c9d245db3	78518
GLACIER_results/preFRONTIERFIX/gl1_cell_e07_s1_T30_lit_i1__hgx03_NVIDIAH200.npz	216092c3693ff559fd4a377258c4fe198147f2909a6d7581220793edfab425b6	78518
GLACIER_results/preFRONTIERFIX/gl1_cell_e07_s1_T30_lit_i2__hgx03_NVIDIAH200.npz	27333f34625b7b8d16e340047168712420f64eb29b3a2d7000c49995ba86feac	78518
GLACIER_results/preFRONTIERFIX/gl1_cell_e07_s1_T30_lit_i3__hgx03_NVIDIAH200.npz	bc01fad2755e0fd7eb03133223c9d3aea5afccde56fff62956824ececc965040	78518
GLACIER_results/preFRONTIERFIX/gl1_cell_e07_s1_T30_lit_i4__hgx03_NVIDIAH200.npz	e4942ff394c828a0fc6703b46b0356c247a170f0183bb01ae2a0098c509eb30a	78518
GLACIER_results/preFRONTIERFIX/gl1_cell_e07_s1_T30_lit_i5__hgx03_NVIDIAH200.npz	88ba0980dd73e4a7a21e37a0ee3ba8e03ef9cb92bca467ac1e4fff69c7402ae0	78518
GLACIER_results/preFRONTIERFIX/gl1_cell_e07_s2_T30_lit_i0__hgx03_NVIDIAH200.npz	30aedacbb3038467b8dc415890acf2a4f0f4c706791e3623b20eb721d56a8274	78518
GLACIER_results/preFRONTIERFIX/gl1_cell_e07_s2_T30_lit_i1__hgx03_NVIDIAH200.npz	8b427423b70ea255666d3064ac0ef2b75fb4526d394f90fd729cd3e6611c9675	78518
GLACIER_results/preFRONTIERFIX/gl1_cell_e07_s2_T30_lit_i2__hgx03_NVIDIAH200.npz	21365204194853ef2b9c6542f3f53ac071c84af4f3c85573e55dc97a854f934d	78518
GLACIER_results/preFRONTIERFIX/gl1_cell_e07_s2_T30_lit_i3__hgx03_NVIDIAH200.npz	caf48bd830ad5c3ef756a7ae7cd4a11e1c15dbe4dfaf2dd7ba01232376dc824e	78518
GLACIER_results/preFRONTIERFIX/gl1_cell_e07_s2_T30_lit_i4__hgx03_NVIDIAH200.npz	8a756f8c27fd7e8bb1f39e0bd4811e2bd864f52183ae3ed643d1687212d40978	78518
GLACIER_results/preFRONTIERFIX/gl1_cell_e07_s2_T30_lit_i5__hgx03_NVIDIAH200.npz	8055f417e67ad924064d7a3dfd47c75fd8cd71e841b1cc2abb5eaf6f0e6c010e	78518
GLACIER_results/preFRONTIERFIX/gl1_cell_e07_s3_T30_lit_i0__hgx03_NVIDIAH200.npz	66ec14578f0b5cec8cb5e4ed5215433be6373acd22219110307871eee93c5aec	78518
GLACIER_results/preFRONTIERFIX/gl1_cell_e07_s3_T30_lit_i1__hgx03_NVIDIAH200.npz	dae82b43e9f1241f1e55045646d27fde726dc4359ba55ebf8ee338a31e91fc8b	78518
GLACIER_results/preFRONTIERFIX/gl1_cell_e07_s3_T30_lit_i2__hgx03_NVIDIAH200.npz	55cceb4859fdafbdc59e2460e22934c54f38f7cb21b4a832c6e6cacf59187569	78518
GLACIER_results/preFRONTIERFIX/gl1_cell_e07_s3_T30_lit_i3__hgx03_NVIDIAH200.npz	bc8ab6773d64b540ad55827b9ea11acb3f1d6c1dfb816669888b1db25fe74ab2	78518
GLACIER_results/preFRONTIERFIX/gl1_cell_e07_s3_T30_lit_i4__hgx03_NVIDIAH200.npz	2a3fd02444160b712664e240fcdbcef12c65187b5f8e7680cbe911a944888ec8	78518
GLACIER_results/preFRONTIERFIX/gl1_cell_e07_s3_T30_lit_i5__hgx03_NVIDIAH200.npz	b148504ce3ba36630c937e1ca93eff7450cc7a6a8a2862ddbf7c7cb8765c9e63	78518
GLACIER_results/preFRONTIERFIX/gl1_cell_e07_s4_T30_lit_i0__hgx03_NVIDIAH200.npz	ca98fe2302a336ad19c17233a179030099ea39fbd8eaa9e28c065ae90fa3c6ff	78518
GLACIER_results/preFRONTIERFIX/gl1_cell_e07_s4_T30_lit_i1__hgx03_NVIDIAH200.npz	96de7cebc21dff6ded037b56567e10d567670c5a1925d941ba72e4faf5349a32	78518
GLACIER_results/preFRONTIERFIX/gl1_cell_e07_s4_T30_lit_i2__hgx03_NVIDIAH200.npz	adf1852758fde279c2ca8ea7895b5d4d802888f7a1ba2d2c046ea4785a1614e1	78518
GLACIER_results/preFRONTIERFIX/gl1_cell_e07_s4_T30_lit_i3__hgx03_NVIDIAH200.npz	bff9e605d0edbc0835f2b385ab9d58ce6b7fdaf5289cec23d25e95161f00b48b	78518
GLACIER_results/preFRONTIERFIX/gl1_cell_e07_s4_T30_lit_i4__hgx03_NVIDIAH200.npz	b62cd7aa4cfee966913bfaf1cade073bfe72309b4107545794332e0e96b0dac0	78518
GLACIER_results/preFRONTIERFIX/gl1_cell_e07_s4_T30_lit_i5__hgx03_NVIDIAH200.npz	0a9ff7b8b3efff1f3bbda112348c45690dad0a1ec49b67cb4f32e2357afc8f01	78518
GLACIER_results/preFRONTIERFIX/gl1_cell_e07_s5_T30_lit_i0__hgx03_NVIDIAH200.npz	66c0f72c19fdfbf28b6a512b3864ae145af3005b4a7ca3d0b54a316b54fc3f21	78518
GLACIER_results/preFRONTIERFIX/gl1_cell_e07_s5_T30_lit_i1__hgx03_NVIDIAH200.npz	9fea513549e62f55a3367956bce1aa161ad64f512a9d1c1ee76e50ab2870ecff	78518
GLACIER_results/preFRONTIERFIX/gl1_cell_e07_s5_T30_lit_i2__hgx03_NVIDIAH200.npz	05fc35c7072cef4f028af28df6f8a65d2bf8ddb622a0f607f0a327aa323844eb	78518
GLACIER_results/preFRONTIERFIX/gl1_cell_e07_s5_T30_lit_i3__hgx03_NVIDIAH200.npz	fe129fd2696cf3f2ead659e6709f72e68acf6f3ce4afca7d04a53c7ec4df4470	78518
GLACIER_results/preFRONTIERFIX/gl1_cell_e07_s5_T30_lit_i4__hgx03_NVIDIAH200.npz	51df5d80bd5749cb85350316362ef679eea3138d3b126b0b2827c46d76a27c06	78518
GLACIER_results/preFRONTIERFIX/gl1_cell_e07_s5_T30_lit_i5__hgx03_NVIDIAH200.npz	011956e0b582f1e69d70fb09e0df3eb530ac225c0252f6e05011651ec099244f	78518
GLACIER_results/preFRONTIERFIX/gl1_cell_e07_s6_T30_lit_i0__hgx03_NVIDIAH200.npz	ff5cf651a7045fe32da0c8a5e1d15f0f93715c05060c8de53a386ba55b25452d	78518
GLACIER_results/preFRONTIERFIX/gl1_cell_e07_s6_T30_lit_i1__hgx03_NVIDIAH200.npz	27e3d16c1d5cda6f6a5d319541ea127f123a626f8fa4ff35fe9ccab81bc94b69	78518
GLACIER_results/preFRONTIERFIX/gl1_cell_e07_s6_T30_lit_i2__hgx03_NVIDIAH200.npz	f054319c182a00338c2a1cf0d2a2be54d2def646cb03e3017a043835c575be08	78518
GLACIER_results/preFRONTIERFIX/gl1_cell_e07_s6_T30_lit_i3__hgx03_NVIDIAH200.npz	e98507305f8df0991160ea717e923ae1803bc06fad8e6550d9b1b9f27bbb2048	78518
GLACIER_results/preFRONTIERFIX/gl1_cell_e07_s6_T30_lit_i4__hgx03_NVIDIAH200.npz	cc23329a8e850c387fbb7d44ec5bf1b1babc003eed8a52adfab888e209a74ffc	78518
GLACIER_results/preFRONTIERFIX/gl1_cell_e07_s6_T30_lit_i5__hgx03_NVIDIAH200.npz	6d748be5040065cd7c145a5a020481d741350cdd03ce11763fc09a2cda353411	78518
GLACIER_results/preFRONTIERFIX/gl1_cell_e07_s7_T30_lit_i0__hgx03_NVIDIAH200.npz	30bb66ac5dd0187f79c4d5963d77d411b615711be54e4280f98f6724380d21bc	78518
GLACIER_results/preFRONTIERFIX/gl1_cell_e07_s7_T30_lit_i1__hgx03_NVIDIAH200.npz	3480dd8ab95be883f5f8d32271f883810465386c0859a3ac870fe122f6c4814b	78518
GLACIER_results/preFRONTIERFIX/gl1_cell_e07_s7_T30_lit_i2__hgx03_NVIDIAH200.npz	5b2e5360ad739abaef29fc044d77899620eea1610d772e1b642309b06ff35ac7	78518
GLACIER_results/preFRONTIERFIX/gl1_cell_e07_s7_T30_lit_i3__hgx03_NVIDIAH200.npz	4d0cae6459b9c3fd2458b4057427770f6ae03ba5e60200281b3a991ab8a40023	78518
GLACIER_results/preFRONTIERFIX/gl1_cell_e07_s7_T30_lit_i4__hgx03_NVIDIAH200.npz	1d8c4e65d59711bafe5e7d9df671acb14a51701fc6d8f792d056944de77da162	78518
GLACIER_results/preFRONTIERFIX/gl1_cell_e07_s7_T30_lit_i5__hgx03_NVIDIAH200.npz	52d4f8b3e948e5495233d1c4a797bc04978ce9733cf5e16582c886e95b93a3ec	78518
GLACIER_results/preFRONTIERFIX/gl1_cell_none_s0_T30_lit_i0__hgx03_NVIDIAH200.npz	220000b55d85976cfbbad463ea7c5aae4e204916283cee73b480fcb2491ba992	72012
GLACIER_results/preFRONTIERFIX/gl1_cell_none_s0_T30_lit_i1__hgx03_NVIDIAH200.npz	4bbf3908cdc60576a7bf2a8adda1a048d636ee98d525377375b509feca38eb27	72012
GLACIER_results/preFRONTIERFIX/gl1_cell_none_s0_T30_lit_i2__hgx03_NVIDIAH200.npz	5856083e31402f7eff792565f980f58ac450a0f9403ee145840e4357082b7a18	72012
GLACIER_results/preFRONTIERFIX/gl1_cell_none_s0_T30_lit_i3__hgx03_NVIDIAH200.npz	ff533c572ce4e83abe5b2ef16059cd874410545cb81a7f904619bf4ea634ca76	72012
GLACIER_results/preFRONTIERFIX/gl1_cell_none_s0_T30_lit_i4__hgx03_NVIDIAH200.npz	6bb76c7534d0b315c151369956cd2068853be79ca593e158fcd6e3d0d11a147a	72012
GLACIER_results/preFRONTIERFIX/gl1_cell_none_s0_T30_lit_i5__hgx03_NVIDIAH200.npz	32630e3708946ba06304bb9a7b4e6b4297c15c5bc6c97155235a9027a5c4b5f9	72012
GLACIER_results/preFRONTIERFIX/gl1_cell_none_s1_T30_lit_i0__hgx03_NVIDIAH200.npz	eca8433dae18f9f18775633ff61ca4a949a1772f2d957ff8ea9fd86d31e9c2fd	72012
GLACIER_results/preFRONTIERFIX/gl1_cell_none_s1_T30_lit_i1__hgx03_NVIDIAH200.npz	4e9f91a0de931c8ab10c9bb5c4ab359bd247e77d5c1e3ce118ba69115c6eb8f6	72012
GLACIER_results/preFRONTIERFIX/gl1_cell_none_s1_T30_lit_i2__hgx03_NVIDIAH200.npz	2b5ccde4e53b1172a600d7f5c7d4da88a6d916b74b82c544db619d6c3a19e82f	72012
GLACIER_results/preFRONTIERFIX/gl1_cell_none_s1_T30_lit_i3__hgx03_NVIDIAH200.npz	e50cd38994f61d1427d2644de57a9ddd6cfd969c4a556f9a65cccfae83a354d6	72012
GLACIER_results/preFRONTIERFIX/gl1_cell_none_s1_T30_lit_i4__hgx03_NVIDIAH200.npz	1e344545f6959f7b96e6368c15564647c1347defb78832d726dce1df53439c69	72012
GLACIER_results/preFRONTIERFIX/gl1_cell_none_s1_T30_lit_i5__hgx03_NVIDIAH200.npz	40cada78a726e98fe8718dc58e45422d65a4f624541d9cb5b09f3bf79ac188f5	72012
GLACIER_results/preFRONTIERFIX/gl1_cell_none_s2_T30_lit_i0__hgx03_NVIDIAH200.npz	94c3b76b266dc76aad876a74681a0c3bc192e8f2295c015f86c7d4faf4bb3063	72012
GLACIER_results/preFRONTIERFIX/gl1_cell_none_s2_T30_lit_i1__hgx03_NVIDIAH200.npz	b00cd8be6012e5c1a4317d6eb5bb33c757543156271390574bb1ad41cf2a47d6	72012
GLACIER_results/preFRONTIERFIX/gl1_cell_none_s2_T30_lit_i2__hgx03_NVIDIAH200.npz	e63f374919e60d526e742ea160fab0733a17df75f8854bf1cfe432e668409d2b	72012
GLACIER_results/preFRONTIERFIX/gl1_cell_none_s2_T30_lit_i3__hgx03_NVIDIAH200.npz	afa895721bf2694161aec463e93e7eb2beb8e026440619eca1a519a1581a0c4e	72012
GLACIER_results/preFRONTIERFIX/gl1_cell_none_s2_T30_lit_i4__hgx03_NVIDIAH200.npz	f7bc25d9c01f95a63456fe424016a229312933b70d24ed12ab37f9d222e479bf	72012
GLACIER_results/preFRONTIERFIX/gl1_cell_none_s2_T30_lit_i5__hgx03_NVIDIAH200.npz	a94bab73714f7aed0d50221f35fde5741b993910754343dff2e2c2e40517c05b	72012
GLACIER_results/preFRONTIERFIX/gl1_cell_none_s3_T30_lit_i0__hgx03_NVIDIAH200.npz	1b37496bb194971af56a5ae399f406fb61cd7f2a67044b82a23f9548ad5fffeb	72012
GLACIER_results/preFRONTIERFIX/gl1_cell_none_s3_T30_lit_i1__hgx03_NVIDIAH200.npz	4099bc6ac90aa8e902dee5e7e4d608941b6e1a1bfe816ec4d6945c9f2e7acfe1	72012
GLACIER_results/preFRONTIERFIX/gl1_cell_none_s3_T30_lit_i2__hgx03_NVIDIAH200.npz	9bf646204e4c234e16b016135b92bd3f3543a86dea3e1f935b19c99d7af1df97	72012
GLACIER_results/preFRONTIERFIX/gl1_cell_none_s3_T30_lit_i3__hgx03_NVIDIAH200.npz	ea65fe852b01a1fe6ef1396dc3109b3edd6da4bd4aaae875f9f71479ecc942a4	72012
GLACIER_results/preFRONTIERFIX/gl1_cell_none_s3_T30_lit_i4__hgx03_NVIDIAH200.npz	956bfdac40bc78ce6b2c37a5943f3f6c5e7eb7a9833599ab8b73284000a08af5	72012
GLACIER_results/preFRONTIERFIX/gl1_cell_none_s3_T30_lit_i5__hgx03_NVIDIAH200.npz	d2f8b44c8301629aae984231ea0ba57d22bae2bdde8e20d2165ed601b91d1974	72012
GLACIER_results/preFRONTIERFIX/gl1_cell_none_s4_T30_lit_i0__dgx03_NVIDIAA100-SXM4-80GB.npz	a9248dced4e3ce1afc29e00477ca013c5c4104466f8c97d60945f05761f25e0c	72052
GLACIER_results/preFRONTIERFIX/gl1_cell_none_s4_T30_lit_i1__dgx03_NVIDIAA100-SXM4-80GB.npz	1240d4aac4c9830804e2e3898bd7e6ca9e2397a315d4062e47ca5aa06540cf19	72052
GLACIER_results/preFRONTIERFIX/gl1_cell_none_s4_T30_lit_i2__dgx03_NVIDIAA100-SXM4-80GB.npz	f3a68356d3f22c2b6451b59af40730550cad25c128dd474fca3b0b00d9f890e4	72052
GLACIER_results/preFRONTIERFIX/gl1_cell_none_s4_T30_lit_i3__dgx03_NVIDIAA100-SXM4-80GB.npz	5f194cce34d59db8e5fb10d41dd4d6c4cd1f32638d25e8c8c95826edb8ddf273	72052
GLACIER_results/preFRONTIERFIX/gl1_cell_none_s4_T30_lit_i4__dgx03_NVIDIAA100-SXM4-80GB.npz	95e26ef3085a4501da3f76f820cc19dfa73853b511dc081d374e497a47ab7247	72052
GLACIER_results/preFRONTIERFIX/gl1_cell_none_s4_T30_lit_i5__dgx03_NVIDIAA100-SXM4-80GB.npz	016d4c18881149b3904fb9fad719164d3c938db5dcfeb4c287357cb2a8e21222	72052
GLACIER_results/preFRONTIERFIX/gl1_cell_none_s5_T30_lit_i0__dgx03_NVIDIAA100-SXM4-80GB.npz	f646670ba5c2107f54ff1285b19095e3823f4a612e74c0b12ab4a8ef639a941f	72052
GLACIER_results/preFRONTIERFIX/gl1_cell_none_s5_T30_lit_i1__dgx03_NVIDIAA100-SXM4-80GB.npz	58629de311b97fd09fa87bc35f1ad4546bada65dc52438b25872121f06ff9201	72052
GLACIER_results/preFRONTIERFIX/gl1_cell_none_s5_T30_lit_i2__dgx03_NVIDIAA100-SXM4-80GB.npz	da957d1e02f5a9c8887a4abd1fc29141cdab7f465b424e0b458c3a0ec9820932	72052
GLACIER_results/preFRONTIERFIX/gl1_cell_none_s5_T30_lit_i3__dgx03_NVIDIAA100-SXM4-80GB.npz	3f0644979ec9e83213d29e25a335d2812ce3c9e1199554994ba6dfe01fa7b5bd	72052
GLACIER_results/preFRONTIERFIX/gl1_cell_none_s5_T30_lit_i4__dgx03_NVIDIAA100-SXM4-80GB.npz	7273cb5e5bfbf67c8895477e561a588454657d3417ea9de3be6e4451ad748ada	72052
GLACIER_results/preFRONTIERFIX/gl1_cell_none_s5_T30_lit_i5__dgx03_NVIDIAA100-SXM4-80GB.npz	5cd1bfab9ac086e8719cf86f8d7d1f079b98c85347e54cb594b49f21c36d4093	72052
GLACIER_results/preFRONTIERFIX/gl1_cell_none_s6_T30_lit_i0__dgx03_NVIDIAA100-SXM4-80GB.npz	5c20b63eeea018c0ebe9936b58e5299f08de225c89273491bafac5a6c30be3d7	72052
GLACIER_results/preFRONTIERFIX/gl1_cell_none_s6_T30_lit_i1__dgx03_NVIDIAA100-SXM4-80GB.npz	bc6cf4f062fa53e314310fd1a4f4757cab2b7aec784b996ba9df41528edfed44	72052
GLACIER_results/preFRONTIERFIX/gl1_cell_none_s6_T30_lit_i2__dgx03_NVIDIAA100-SXM4-80GB.npz	3dfbde86dd2ea4ab3f8be5847dec7c5a1af151c2425ac3d9068488e8c399daa4	72052
GLACIER_results/preFRONTIERFIX/gl1_cell_none_s6_T30_lit_i3__dgx03_NVIDIAA100-SXM4-80GB.npz	c5f66a2be6cf6608ae11fd19867ca299bbe09a9f1302a98fac510320d48381c8	72052
GLACIER_results/preFRONTIERFIX/gl1_cell_none_s6_T30_lit_i4__dgx03_NVIDIAA100-SXM4-80GB.npz	859aecf4539c9acd0e69a8202154eb8057847534a961abcfc4baf80762fdf963	72052
GLACIER_results/preFRONTIERFIX/gl1_cell_none_s6_T30_lit_i5__dgx03_NVIDIAA100-SXM4-80GB.npz	68280b5cc6ec73c2397a5f5aaf6e869c4bcade7708034cf5ba4639e61e7ff0a7	72052
GLACIER_results/preFRONTIERFIX/gl1_cell_none_s7_T30_lit_i0__dgx03_NVIDIAA100-SXM4-80GB.npz	57b403c3665aaca73e6f1c487f2907ff819ef4b7df27f4aac868919f9703af45	72052
GLACIER_results/preFRONTIERFIX/gl1_cell_none_s7_T30_lit_i1__dgx03_NVIDIAA100-SXM4-80GB.npz	69161ea4cfa607b24025a7768c918c80ff9afdd062aab9654d0507a7e75f4053	72052
GLACIER_results/preFRONTIERFIX/gl1_cell_none_s7_T30_lit_i2__dgx03_NVIDIAA100-SXM4-80GB.npz	e2eb2c59552d58a627f0c2b8002c2bf8ade5d4901ee29acbf64ce87538e5c7e0	72052
GLACIER_results/preFRONTIERFIX/gl1_cell_none_s7_T30_lit_i3__dgx03_NVIDIAA100-SXM4-80GB.npz	c59916839ca42d6e339d548ada303ad264eb7b1ed2e48d632c843a23b42a68f8	72052
GLACIER_results/preFRONTIERFIX/gl1_cell_none_s7_T30_lit_i4__dgx03_NVIDIAA100-SXM4-80GB.npz	01545f873198dd75b5d618a07a9c735922b630a62ee0537e5aa4aac58ed3debe	72052
GLACIER_results/preFRONTIERFIX/gl1_cell_none_s7_T30_lit_i5__dgx03_NVIDIAA100-SXM4-80GB.npz	d5215f58ac7ebda108fecce380902ed57b90276ee03c3e13519ff25911fd3566	72052
GLACIER_results/preFRONTIERFIX/gl1_null0_e07_s0_T30_lit_i0__dgx03_NVIDIAA100-SXM4-80GB.npz	69b2a6fded730883e761438950977a2dd4e3815095104f62b11f55d9966ee83c	78558
GLACIER_results/preFRONTIERFIX/gl1_null0_e07_s0_T30_lit_i1__dgx03_NVIDIAA100-SXM4-80GB.npz	95b913ec1a06e30f7e0e7b46a331be404bbc683ed9c89033ea02e920958b5b3b	78558
GLACIER_results/preFRONTIERFIX/gl1_null0_e07_s0_T30_lit_i2__dgx03_NVIDIAA100-SXM4-80GB.npz	e7a6b003bb727ab94d97fb48332915777e5734fcf25f7f6093d602fcc5d80f90	78558
GLACIER_results/preFRONTIERFIX/gl1_null0_e07_s0_T30_lit_i3__dgx03_NVIDIAA100-SXM4-80GB.npz	3ee1b476d9b6c134f8aa0305ef6867e434a2616e4c77ec8ea130777eb9da8107	78558
GLACIER_results/preFRONTIERFIX/gl1_null0_e07_s0_T30_lit_i4__dgx03_NVIDIAA100-SXM4-80GB.npz	9946d0b6a8de9df6769a6926e67f5376f676b3fde67193afd51ca4e9f325ee36	78558
GLACIER_results/preFRONTIERFIX/gl1_null0_e07_s0_T30_lit_i5__dgx03_NVIDIAA100-SXM4-80GB.npz	48f2bf0e047f488afe91f188d33dba98e9599799ffd8365e7816bfbf82fbf0f5	78558
GLACIER_results/preFRONTIERFIX/gl1_null0_e07_s1_T30_lit_i0__dgx03_NVIDIAA100-SXM4-80GB.npz	a497ed8946a7bcd44cea9cdaac1bfadd10ab5e0bd5338a0443eded1f62cea51f	79064
GLACIER_results/preFRONTIERFIX/gl1_null0_e07_s1_T30_lit_i1__dgx03_NVIDIAA100-SXM4-80GB.npz	9d84a2ff1e4e6ea38d9fbc7066d8bb644ff9987f57fac238dcde9fc69b40c90b	79064
GLACIER_results/preFRONTIERFIX/gl1_null0_e07_s1_T30_lit_i2__dgx03_NVIDIAA100-SXM4-80GB.npz	7145cbecd7cc883119d856243cf01df0be4d19267e649d671892c139749738ea	79064
GLACIER_results/preFRONTIERFIX/gl1_null0_e07_s1_T30_lit_i3__dgx03_NVIDIAA100-SXM4-80GB.npz	bf691c009d362c7776242e6946d6c7f3a4bdd775c2bace14fa13cd6f0786523f	79064
GLACIER_results/preFRONTIERFIX/gl1_null0_e07_s1_T30_lit_i4__dgx03_NVIDIAA100-SXM4-80GB.npz	c1a7d7cf467b37163269b1230882a553da2fd9949effcd5e7456dd11f679d3d7	79064
GLACIER_results/preFRONTIERFIX/gl1_null0_e07_s1_T30_lit_i5__dgx03_NVIDIAA100-SXM4-80GB.npz	45c3d38538a0a764259af7ad764fe276a6ce7488cfdca501e14fc7973d3948d4	79064
GLACIER_results/preFRONTIERFIX/gl1_null0_none_s0_T30_lit_i0__dgx03_NVIDIAA100-SXM4-80GB.npz	2a63bb327e293d42be9a8afc087031729e5ec25c0952bb590188bc6d63fa954f	72558
GLACIER_results/preFRONTIERFIX/gl1_null0_none_s0_T30_lit_i1__dgx03_NVIDIAA100-SXM4-80GB.npz	7a23ece6ccb2e78cdeb69a5dec00ad77281a0e63f330f9d6a5c9dc522e6e4097	72558
GLACIER_results/preFRONTIERFIX/gl1_null0_none_s0_T30_lit_i2__dgx03_NVIDIAA100-SXM4-80GB.npz	618b91bacf2fb715fbdecbe02cbf2d16513a83faa7def7fadf1d1900fa8e7293	72558
GLACIER_results/preFRONTIERFIX/gl1_null0_none_s0_T30_lit_i3__dgx03_NVIDIAA100-SXM4-80GB.npz	d89e0cdd0e55877c064dbc80c7a3ee6e3ef0cb1ba4c81b492f2a447864ecca1a	72558
GLACIER_results/preFRONTIERFIX/gl1_null0_none_s0_T30_lit_i4__dgx03_NVIDIAA100-SXM4-80GB.npz	e002a773ccb5739e566e92f2ad90fbc8f39958ae3027639861db1d252ebecb6c	72558
GLACIER_results/preFRONTIERFIX/gl1_null0_none_s0_T30_lit_i5__dgx03_NVIDIAA100-SXM4-80GB.npz	25b774a9ccfac0bbe279919a835ded0869486252e579042758607947f4562840	72558
GLACIER_results/preFRONTIERFIX/gl1_null0_none_s1_T30_lit_i0__dgx03_NVIDIAA100-SXM4-80GB.npz	df602b743c04533381aadd61b1031fda38a3def82621dd285fc6fe0afd7e05bb	72558
GLACIER_results/preFRONTIERFIX/gl1_null0_none_s1_T30_lit_i1__dgx03_NVIDIAA100-SXM4-80GB.npz	2c9e018042becff9db849c1f4376f55a9ad37f4f67c7062e383a491b0c306757	72558
GLACIER_results/preFRONTIERFIX/gl1_null0_none_s1_T30_lit_i2__dgx03_NVIDIAA100-SXM4-80GB.npz	141e35b71e7e11fcb337cb321afa12b024d2c25599a92cfdec12dd9d9181390b	72558
GLACIER_results/preFRONTIERFIX/gl1_null0_none_s1_T30_lit_i3__dgx03_NVIDIAA100-SXM4-80GB.npz	321142a77e47a1a9cc82401757c5a633d26d90c099904158dfca942910d9024a	72558
GLACIER_results/preFRONTIERFIX/gl1_null0_none_s1_T30_lit_i4__dgx03_NVIDIAA100-SXM4-80GB.npz	15a99311b9fafeaea6b7df100e0c6f5827296cfcf5c060ad341c38be0f5e43ba	72558
GLACIER_results/preFRONTIERFIX/gl1_null0_none_s1_T30_lit_i5__dgx03_NVIDIAA100-SXM4-80GB.npz	0c401cf7f7231f7bee20ff224236afb136ee1d2eb0f027836f93d87f072a3189	72558
GLACIER_results/preFRONTIERFIX/gl1_null1_e07_s0_T30_lit_i0__dgx03_NVIDIAA100-SXM4-80GB.npz	7383614139857a9f9e6f8e9995afcacb8833db639703fea97804a306994dc118	78558
GLACIER_results/preFRONTIERFIX/gl1_null1_e07_s0_T30_lit_i1__dgx03_NVIDIAA100-SXM4-80GB.npz	025cbb3d153ae171d3eb6d6dcb1540499854f4a70851ce315d2b390786968e82	78558
GLACIER_results/preFRONTIERFIX/gl1_null1_e07_s0_T30_lit_i2__dgx03_NVIDIAA100-SXM4-80GB.npz	aaaf1e7e1ab31ec694b0db7a4342ce64b6f99c8cea6af14e6b9f81e5e538b078	78558
GLACIER_results/preFRONTIERFIX/gl1_null1_e07_s0_T30_lit_i3__dgx03_NVIDIAA100-SXM4-80GB.npz	a7ee85d30ddfe8b4377b229e49c9a02e124c5649cd67fe8dc2586094a1ad707b	78558
GLACIER_results/preFRONTIERFIX/gl1_null1_e07_s0_T30_lit_i4__dgx03_NVIDIAA100-SXM4-80GB.npz	d29a89f3613f54f261f7fdff51fe24f769ac8992b02a145de346cf3d91579078	78558
GLACIER_results/preFRONTIERFIX/gl1_null1_e07_s0_T30_lit_i5__dgx03_NVIDIAA100-SXM4-80GB.npz	01ea540a76f1f252c168ed77c0855938747b6873ceff4dd12912ee2aad8db2a6	78558
GLACIER_results/preFRONTIERFIX/gl1_null1_e07_s1_T30_lit_i0__dgx03_NVIDIAA100-SXM4-80GB.npz	6e8b9bccd5d85518fcf8893736782ef0549ae508c25bdefd73afdd8f3ad64eca	79064
GLACIER_results/preFRONTIERFIX/gl1_null1_e07_s1_T30_lit_i1__dgx03_NVIDIAA100-SXM4-80GB.npz	337b4a81f537ce986d0e078eb966d38113fc682a8113934de907c24421a27daf	79064
GLACIER_results/preFRONTIERFIX/gl1_null1_e07_s1_T30_lit_i2__dgx03_NVIDIAA100-SXM4-80GB.npz	ede54c8511173c759674f7a14097d1483606562524e1cc095d0c7534c48bb511	79064
GLACIER_results/preFRONTIERFIX/gl1_null1_e07_s1_T30_lit_i3__dgx03_NVIDIAA100-SXM4-80GB.npz	ba132e1713401ae8e5264fde442885572ea3d7e6903a871d35660f069b145282	79064
GLACIER_results/preFRONTIERFIX/gl1_null1_e07_s1_T30_lit_i4__dgx03_NVIDIAA100-SXM4-80GB.npz	5d19395d9c266bda39c5c16fe4f3420b00fdc1c8a30de0858c622b6a3fd6c688	79064
GLACIER_results/preFRONTIERFIX/gl1_null1_e07_s1_T30_lit_i5__dgx03_NVIDIAA100-SXM4-80GB.npz	675c902e5be747676b8450c1077a49a5f1ff2286a6c54cf65d0d31627fda14ee	79064
GLACIER_results/preFRONTIERFIX/gl1_null1_none_s0_T30_lit_i0__dgx03_NVIDIAA100-SXM4-80GB.npz	eedefe28dd45e34cfed82f44152522ccdc5c8b82303d19dc17aab8afca7b87dd	72558
GLACIER_results/preFRONTIERFIX/gl1_null1_none_s0_T30_lit_i1__dgx03_NVIDIAA100-SXM4-80GB.npz	7e8c4775a2e4fe626bbd41743a1d853d74b35136cd3082e15c2a68b0e07da7ff	72558
GLACIER_results/preFRONTIERFIX/gl1_null1_none_s0_T30_lit_i2__dgx03_NVIDIAA100-SXM4-80GB.npz	1eb9ee4cd1734ab1861615d6ff02b477404fb0bb41438767c42793b1391b0a3b	72558
GLACIER_results/preFRONTIERFIX/gl1_null1_none_s0_T30_lit_i3__dgx03_NVIDIAA100-SXM4-80GB.npz	604764ef3af2359948722a96400167dc53224c4c6d8a888ae90c85a3a84a058d	72558
GLACIER_results/preFRONTIERFIX/gl1_null1_none_s0_T30_lit_i4__dgx03_NVIDIAA100-SXM4-80GB.npz	504c3e48fdbd4665b161a386b85763bccebcf1ab68215bde816b70e1fa9b2528	72558
GLACIER_results/preFRONTIERFIX/gl1_null1_none_s0_T30_lit_i5__dgx03_NVIDIAA100-SXM4-80GB.npz	7a42ff84909301846da66c05ff22a16922baf856d0600b5d12885b1ff64d6c25	72558
GLACIER_results/preFRONTIERFIX/gl1_null1_none_s1_T30_lit_i0__dgx03_NVIDIAA100-SXM4-80GB.npz	8753da389f29585099da4eb106985c6ee2e2d2dba77fe3a4c4f8251425a03b4b	72558
GLACIER_results/preFRONTIERFIX/gl1_null1_none_s1_T30_lit_i1__dgx03_NVIDIAA100-SXM4-80GB.npz	e7e965c343cd74e08c2b999f255540c1a8c86b7fe9f5275ab1e0f77dbd0b8c73	72558
GLACIER_results/preFRONTIERFIX/gl1_null1_none_s1_T30_lit_i2__dgx03_NVIDIAA100-SXM4-80GB.npz	eb9020c421eadb177161f28fce928d53be420e54df69a0fb0cc25cf848d4751a	72558
GLACIER_results/preFRONTIERFIX/gl1_null1_none_s1_T30_lit_i3__dgx03_NVIDIAA100-SXM4-80GB.npz	0f98f3387d6c77d0e10e953742b22d1373e7651115df6bc970ce5934a5c605e3	72558
GLACIER_results/preFRONTIERFIX/gl1_null1_none_s1_T30_lit_i4__dgx03_NVIDIAA100-SXM4-80GB.npz	2e96d0c3c3da2b461962320dc555f9195eac5ab9a1e0fcfd9459e51a55ac3ea1	72558
GLACIER_results/preFRONTIERFIX/gl1_null1_none_s1_T30_lit_i5__dgx03_NVIDIAA100-SXM4-80GB.npz	a952836903c59350749375654c198f7bfab50ca19d5e7876192956fc6aa9cac2	72558
GLACIER_results/preFRONTIERFIX/gl1_null2_e07_s0_T30_lit_i0__dgx03_NVIDIAA100-SXM4-80GB.npz	62b5bad49b15fd6a8fbce72bd0215afd95f7526776c0e1a1c9a7a2c2867fe528	78558
GLACIER_results/preFRONTIERFIX/gl1_null2_e07_s0_T30_lit_i1__dgx03_NVIDIAA100-SXM4-80GB.npz	a69ff9d51d47959bf9e5a8b7597733b70f96ebc672883cd3d483ce62e2ed486d	78558
GLACIER_results/preFRONTIERFIX/gl1_null2_e07_s0_T30_lit_i2__dgx03_NVIDIAA100-SXM4-80GB.npz	d556dac3e6be9e20957c3b7624a7823fde98e1b2dc5aaba795f6131fcacda1ac	78558
GLACIER_results/preFRONTIERFIX/gl1_null2_e07_s0_T30_lit_i3__dgx03_NVIDIAA100-SXM4-80GB.npz	f2ffe10220d571b51134002f86293392bbc82470014eb10524dea4c1ec1107cb	78558
GLACIER_results/preFRONTIERFIX/gl1_null2_e07_s0_T30_lit_i4__dgx03_NVIDIAA100-SXM4-80GB.npz	5861411172d6167f5ff2ac423963259c2d5283aa69bfd8959db23da8d9f93226	78558
GLACIER_results/preFRONTIERFIX/gl1_null2_e07_s0_T30_lit_i5__dgx03_NVIDIAA100-SXM4-80GB.npz	ebddc58e253791839ef8e2d106a3831d39decb8d77d627b58977081b5db1bab6	78558
GLACIER_results/preFRONTIERFIX/gl1_null2_e07_s1_T30_lit_i0__dgx03_NVIDIAA100-SXM4-80GB.npz	8ebb2399d436588e7e425b40df4eaa80690c70a4685e3049faabaca247117546	79064
GLACIER_results/preFRONTIERFIX/gl1_null2_e07_s1_T30_lit_i1__dgx03_NVIDIAA100-SXM4-80GB.npz	638532e9addac583f3160d8fa81f73fcc328c4b22797f4849c6bbfe815a845ea	79064
GLACIER_results/preFRONTIERFIX/gl1_null2_e07_s1_T30_lit_i2__dgx03_NVIDIAA100-SXM4-80GB.npz	68bd95af8e2f7ac4e612fbda36a9437a8fa6cf4f65a97e595ba35b2cca595d08	79064
GLACIER_results/preFRONTIERFIX/gl1_null2_e07_s1_T30_lit_i3__dgx03_NVIDIAA100-SXM4-80GB.npz	538400d4638e8dd11979b400d5b78524faa59ae2734c47d25c74b2a97955d18c	79064
GLACIER_results/preFRONTIERFIX/gl1_null2_e07_s1_T30_lit_i4__dgx03_NVIDIAA100-SXM4-80GB.npz	5df9ed555ed690106f8ad30c62e4516e95f4f807a11663a51fcb56f54d034c80	79064
GLACIER_results/preFRONTIERFIX/gl1_null2_e07_s1_T30_lit_i5__dgx03_NVIDIAA100-SXM4-80GB.npz	d834a46860ed922c9ebad28b1fd79de8323d2b3afbfbd743ba5913b066318e7d	79064
GLACIER_results/preFRONTIERFIX/gl1_null2_none_s0_T30_lit_i0__dgx03_NVIDIAA100-SXM4-80GB.npz	a69db965dc28be3614f4c36d1771f01e942a660587632b40e04f0fd03eeb4777	72558
GLACIER_results/preFRONTIERFIX/gl1_null2_none_s0_T30_lit_i1__dgx03_NVIDIAA100-SXM4-80GB.npz	a3dc47a7be6e0d34800769a0ac909dae419adc09487a64e8de7c5445d1c6df39	72558
GLACIER_results/preFRONTIERFIX/gl1_null2_none_s0_T30_lit_i2__dgx03_NVIDIAA100-SXM4-80GB.npz	e9ea2435900bf469ed72fc60152b97250b62c3dae3e821ca6026c5af0a04dea4	72558
GLACIER_results/preFRONTIERFIX/gl1_null2_none_s0_T30_lit_i3__dgx03_NVIDIAA100-SXM4-80GB.npz	e78b35fa108147dfcc7728dc196cbf6ca8900d3c1a6cc6c4664b2bc6be110b7f	72558
GLACIER_results/preFRONTIERFIX/gl1_null2_none_s0_T30_lit_i4__dgx03_NVIDIAA100-SXM4-80GB.npz	7f4722b723fe2aeb8a815eb57bdf8584393c2b1d6abd8e6561f9356ae23e917f	72558
GLACIER_results/preFRONTIERFIX/gl1_null2_none_s0_T30_lit_i5__dgx03_NVIDIAA100-SXM4-80GB.npz	a6864d0e63d367414f2656bed35e1bd208f8c90bd6341263a7b741f53f754bce	72558
GLACIER_results/preFRONTIERFIX/gl1_null2_none_s1_T30_lit_i0__dgx03_NVIDIAA100-SXM4-80GB.npz	20fa79378ff3896a9066fb6dc6907ea5df5f8ab3452eebd6902d0304944426fe	72558
GLACIER_results/preFRONTIERFIX/gl1_null2_none_s1_T30_lit_i1__dgx03_NVIDIAA100-SXM4-80GB.npz	865ecd52a94802ff8a89b035e932b4184086717fe8d63e8bdd941439ed798bb5	72558
GLACIER_results/preFRONTIERFIX/gl1_null2_none_s1_T30_lit_i2__dgx03_NVIDIAA100-SXM4-80GB.npz	11bf9a4dccc9d6d0c1556d3c95a894020e5a6a66f281cc5b36f830a127f01ee5	72558
GLACIER_results/preFRONTIERFIX/gl1_null2_none_s1_T30_lit_i3__dgx03_NVIDIAA100-SXM4-80GB.npz	bc9207664d3d3c1070e4a223c903cc94196a9b679d588205e7a07309fc996934	72558
GLACIER_results/preFRONTIERFIX/gl1_null2_none_s1_T30_lit_i4__dgx03_NVIDIAA100-SXM4-80GB.npz	2eb5afb75ab6f8c58a68634675ea926dbc4171a52802f4326fd6cb60b47d3e37	72558
GLACIER_results/preFRONTIERFIX/gl1_null2_none_s1_T30_lit_i5__dgx03_NVIDIAA100-SXM4-80GB.npz	177e1cdd89154e282f4f888820980f598f335493c7234a314b613a3b79674cad	72558
GLACIER_results/preFRONTIERFIX/gl1_null3_e07_s0_T30_lit_i0__dgx03_NVIDIAA100-SXM4-80GB.npz	4ce279fe297b603baf08ee209f75b1f4d57eae6b9cdc83c1c3a3b7bf09412249	78558
GLACIER_results/preFRONTIERFIX/gl1_null3_e07_s0_T30_lit_i1__dgx03_NVIDIAA100-SXM4-80GB.npz	0919ddaf7409609adfa1fbb7d5905883735e6b8ce908de441d718c1972a03d95	78558
GLACIER_results/preFRONTIERFIX/gl1_null3_e07_s0_T30_lit_i2__dgx03_NVIDIAA100-SXM4-80GB.npz	12c5621fa58702302d4ee77a93568295eeba4c06db0c6945de3b68bde9186afb	78558
GLACIER_results/preFRONTIERFIX/gl1_null3_e07_s0_T30_lit_i3__dgx03_NVIDIAA100-SXM4-80GB.npz	20ab33fddafc5e877cd055a88fd922c2dd703fb87b06dba41da038c7ef8e2951	78558
GLACIER_results/preFRONTIERFIX/gl1_null3_e07_s0_T30_lit_i4__dgx03_NVIDIAA100-SXM4-80GB.npz	040a94957249e8ec2e362e2515cdcd3c6cad34071d301334484494a0092f413c	78558
GLACIER_results/preFRONTIERFIX/gl1_null3_e07_s0_T30_lit_i5__dgx03_NVIDIAA100-SXM4-80GB.npz	97375e155aba487da8c14933fe9f7a92b4e35ae8d12061b60204995cc3c4187f	78558
GLACIER_results/preFRONTIERFIX/gl1_null3_e07_s1_T30_lit_i0__dgx03_NVIDIAA100-SXM4-80GB.npz	af6feeb232b9e7c0b54ce79fd8d219fcb4226d2b2c1deb3f5c266233abc7b5a1	79064
GLACIER_results/preFRONTIERFIX/gl1_null3_e07_s1_T30_lit_i1__dgx03_NVIDIAA100-SXM4-80GB.npz	d504bf83a62a11c53be788888ab6d73932db53918a9d1c557e52d597dd1f7afe	79064
GLACIER_results/preFRONTIERFIX/gl1_null3_e07_s1_T30_lit_i2__dgx03_NVIDIAA100-SXM4-80GB.npz	4383a1679a58b3b858a1200505e7a23ee87bcb4f64296b9ec05656b8b7a6ddd9	79064
GLACIER_results/preFRONTIERFIX/gl1_null3_e07_s1_T30_lit_i3__dgx03_NVIDIAA100-SXM4-80GB.npz	ce0de66e995d5edb42bb9df52e26caf298acedd319c148e5b75319c11b031cac	79064
GLACIER_results/preFRONTIERFIX/gl1_null3_e07_s1_T30_lit_i4__dgx03_NVIDIAA100-SXM4-80GB.npz	a59b999562e159f1271cce5a4b8f609f91b4d35e5f55b03b157e6fed7b3fe233	79064
GLACIER_results/preFRONTIERFIX/gl1_null3_e07_s1_T30_lit_i5__dgx03_NVIDIAA100-SXM4-80GB.npz	3e348a6a499074c2f49522b15c3fb70c31814e7cbe02e702580d5bd4fc7d24d1	79064
GLACIER_results/preFRONTIERFIX/gl1_null3_none_s0_T30_lit_i0__dgx03_NVIDIAA100-SXM4-80GB.npz	8c0667c76ff0d308c9f3dd2641b8c6cf48573ed74c99656548e32c00361f29ed	72558
GLACIER_results/preFRONTIERFIX/gl1_null3_none_s0_T30_lit_i1__dgx03_NVIDIAA100-SXM4-80GB.npz	0d0c638ec2016413fbf3ce94d6c92db8634123fe74f0ef32ce23642506ccad96	72558
GLACIER_results/preFRONTIERFIX/gl1_null3_none_s0_T30_lit_i2__dgx03_NVIDIAA100-SXM4-80GB.npz	c4ec49f9a7d3f627af6f348ddb62c90e6231bf1cfdf5553f607f5872f2142f98	72558
GLACIER_results/preFRONTIERFIX/gl1_null3_none_s0_T30_lit_i3__dgx03_NVIDIAA100-SXM4-80GB.npz	086c9e5a5e60851815bc7a3e4cb79019c9e97672286bd2aa83e3bb446db21d0d	72558
GLACIER_results/preFRONTIERFIX/gl1_null3_none_s0_T30_lit_i4__dgx03_NVIDIAA100-SXM4-80GB.npz	8623f024f779eebcfdb32baa428ed99d42d1cf841cbfac484accab98735a5931	72558
GLACIER_results/preFRONTIERFIX/gl1_null3_none_s0_T30_lit_i5__dgx03_NVIDIAA100-SXM4-80GB.npz	0735e827b635d2212f64496f8b263b9bd6a2137410af4b24f212009a56d5f4f3	72558
GLACIER_results/preFRONTIERFIX/gl1_null3_none_s1_T30_lit_i0__dgx03_NVIDIAA100-SXM4-80GB.npz	afebcf97afe2617e556eee9ab79ae8691a224796271927c7c1e7386a497b80b2	72558
GLACIER_results/preFRONTIERFIX/gl1_null3_none_s1_T30_lit_i1__dgx03_NVIDIAA100-SXM4-80GB.npz	c8759ac2c1e3f09aff835f7e57e4a02fa787211e804794a024b95519bc46601b	72558
GLACIER_results/preFRONTIERFIX/gl1_null3_none_s1_T30_lit_i2__dgx03_NVIDIAA100-SXM4-80GB.npz	977b75dd285c260d44f9c1c47d81e7a944f791ffd3741bca0e6688eee953f601	72558
GLACIER_results/preFRONTIERFIX/gl1_null3_none_s1_T30_lit_i3__dgx03_NVIDIAA100-SXM4-80GB.npz	a09418ec6f195788a7c5163eb5d834ea5ee08f21126e9790768edc70512c56fe	72558
GLACIER_results/preFRONTIERFIX/gl1_null3_none_s1_T30_lit_i4__dgx03_NVIDIAA100-SXM4-80GB.npz	827c26da0eb9d7a6409d265507d2df64832a68862ace61eabe915f6185c3572e	72558
GLACIER_results/preFRONTIERFIX/gl1_null3_none_s1_T30_lit_i5__dgx03_NVIDIAA100-SXM4-80GB.npz	c251175d3d5ba82074c8b3f15135b5c53336f4fde515cfd8d69ac1955e5ed8b4	72558
GLACIER_results/preFRONTIERFIX/gl1_null4_e07_s0_T30_lit_i0__dgx03_NVIDIAA100-SXM4-80GB.npz	af0e9d850ad35a8abd35973d845e75bf9b100c5c39de00dfc6a99e38bcfd9ed9	79064
GLACIER_results/preFRONTIERFIX/gl1_null4_e07_s0_T30_lit_i1__dgx03_NVIDIAA100-SXM4-80GB.npz	bafa3d3eed530bc614c8b043ff90f1eda756dc72e97ec0b530054206a209cad6	79064
GLACIER_results/preFRONTIERFIX/gl1_null4_e07_s0_T30_lit_i2__dgx03_NVIDIAA100-SXM4-80GB.npz	21fbc3a117bd6a1f462786fb1acb6e9375c3d9cfff8fc8977267b87cb66a97d9	79064
GLACIER_results/preFRONTIERFIX/gl1_null4_e07_s0_T30_lit_i3__dgx03_NVIDIAA100-SXM4-80GB.npz	941b92aeb609ff2bb30b708512a2831c35bd7b29ebf48aa1cf1b4515046a184d	79064
GLACIER_results/preFRONTIERFIX/gl1_null4_e07_s0_T30_lit_i4__dgx03_NVIDIAA100-SXM4-80GB.npz	8cc36844105ec40da42c9ae5e0f7d12071fe3a672c7866da770c2b418849ae59	79064
GLACIER_results/preFRONTIERFIX/gl1_null4_e07_s0_T30_lit_i5__dgx03_NVIDIAA100-SXM4-80GB.npz	78b347c91e3904017fd465026e9983375931f9427c40aae824221d5d303fa52b	79064
GLACIER_results/preFRONTIERFIX/gl1_null4_e07_s1_T30_lit_i0__dgx03_NVIDIAA100-SXM4-80GB.npz	afdfacd50988bf1b538d6802b48d5c263496eda1396e1356b90c998a192a449f	79064
GLACIER_results/preFRONTIERFIX/gl1_null4_e07_s1_T30_lit_i1__dgx03_NVIDIAA100-SXM4-80GB.npz	32639e13f6e70da148e21298ab1b787cd66990fdfcfdaf2640082f4b5d6d8dad	79064
GLACIER_results/preFRONTIERFIX/gl1_null4_e07_s1_T30_lit_i2__dgx03_NVIDIAA100-SXM4-80GB.npz	f8e6d50a220813e78fcf78f4d0c96523545c3733db002078e67bb9ee0052cb9a	79064
GLACIER_results/preFRONTIERFIX/gl1_null4_e07_s1_T30_lit_i3__dgx03_NVIDIAA100-SXM4-80GB.npz	3f6b7c851ff26893796ad670bd560ea90d8154e30f1c249c285b23eb8fe4376b	79064
GLACIER_results/preFRONTIERFIX/gl1_null4_e07_s1_T30_lit_i4__dgx03_NVIDIAA100-SXM4-80GB.npz	3b5e756a8dbb83a07c80a12e1233fad3b5b58fa89ca4fa7737c9f7d67fec61f6	79064
GLACIER_results/preFRONTIERFIX/gl1_null4_e07_s1_T30_lit_i5__dgx03_NVIDIAA100-SXM4-80GB.npz	89bb0c21e3de8f1a2f76ea2d5e86d87ad28af6912e2b8193c571455a090d8a85	79064
GLACIER_results/preFRONTIERFIX/gl1_null4_none_s0_T30_lit_i0__dgx03_NVIDIAA100-SXM4-80GB.npz	9164fc03fa447adc74353752be2854d269316e7a39e47f64b3894593ec90eb4b	72558
GLACIER_results/preFRONTIERFIX/gl1_null4_none_s0_T30_lit_i1__dgx03_NVIDIAA100-SXM4-80GB.npz	ebd6f4fcc01c6f4968e57a2c281abf228f9c7e69e4a600d87cb9a32407772e46	72558
GLACIER_results/preFRONTIERFIX/gl1_null4_none_s0_T30_lit_i2__dgx03_NVIDIAA100-SXM4-80GB.npz	6408f6f92096645556c34363dd4ecde59e68e31f86c72413010ffa079c99e560	72558
GLACIER_results/preFRONTIERFIX/gl1_null4_none_s0_T30_lit_i3__dgx03_NVIDIAA100-SXM4-80GB.npz	2e4b63e222e5eb9a9d216f1292497fac3e038393b0eab28add2632229eee7462	72558
GLACIER_results/preFRONTIERFIX/gl1_null4_none_s0_T30_lit_i4__dgx03_NVIDIAA100-SXM4-80GB.npz	2a9c7aeb4b0c98227da8711b7176dfa6f0c9dda73c65db2a0c89d10521a152fb	72558
GLACIER_results/preFRONTIERFIX/gl1_null4_none_s0_T30_lit_i5__dgx03_NVIDIAA100-SXM4-80GB.npz	f6ae9941886c208efdecd3368563244dcd95472101fc3a4bcd9e8f502a859e7a	72558
GLACIER_results/preFRONTIERFIX/gl1_null4_none_s1_T30_lit_i0__dgx03_NVIDIAA100-SXM4-80GB.npz	3f897b068cffe73e436c8ccb30290b437cdce412104ae857970bc96749c52e97	72558
GLACIER_results/preFRONTIERFIX/gl1_null4_none_s1_T30_lit_i1__dgx03_NVIDIAA100-SXM4-80GB.npz	10bd5596c653da466baf614290ecf66ffad60daa5f0816d5def000864d237057	72558
GLACIER_results/preFRONTIERFIX/gl1_null4_none_s1_T30_lit_i2__dgx03_NVIDIAA100-SXM4-80GB.npz	7750a70fc32a0f27c08791ec57e297eb459ebc913b3203cf69d433ef956c36f6	72558
GLACIER_results/preFRONTIERFIX/gl1_null4_none_s1_T30_lit_i3__dgx03_NVIDIAA100-SXM4-80GB.npz	8642c9ea5e8e33bb19bc9cdaa60f80eea7ef252ddbf2282047d8646ce3546581	72558
GLACIER_results/preFRONTIERFIX/gl1_null4_none_s1_T30_lit_i4__dgx03_NVIDIAA100-SXM4-80GB.npz	bdca279b50fae7b3a4362505cd1c0a5352f690e1993809a5ad1eb2c88f3fb835	72558
GLACIER_results/preFRONTIERFIX/gl1_null4_none_s1_T30_lit_i5__dgx03_NVIDIAA100-SXM4-80GB.npz	fbb00d0d96465b086e9129c35dce8635c1f7078e497910d6d27014d57448d022	72558
GLACIER_results/preFRONTIERFIX/gl2_r13p25_cell_e07_s2_T30_lit_i0__hgx03_NVIDIAH200.npz	9241e301a40682b471631f62566805d8faa026b24b136cfad844548bd29e39eb	81508
GLACIER_results/preFRONTIERFIX/gl2_r13p25_cell_e07_s2_T30_lit_i1__hgx03_NVIDIAH200.npz	185f51d20e44193742d5d0ed4f43db259ec61d1ee27fa27506128c7ec1248dfd	81508
GLACIER_results/preFRONTIERFIX/gl2_r13p25_cell_e07_s2_T30_lit_i2__hgx03_NVIDIAH200.npz	cd0576bf7db7a55fe3f5d6223cfe92aeb130c2a2e4b12897ddc75d78696435db	81508
GLACIER_results/preFRONTIERFIX/gl2_r13p25_cell_e07_s2_T30_lit_i3__hgx03_NVIDIAH200.npz	eb4fe276bcb399d05e70487e2d4653594b34e70936f6a1cd5adf674c55b36ec8	81508
GLACIER_results/preFRONTIERFIX/gl2_r13p25_cell_e07_s2_T30_lit_i4__hgx03_NVIDIAH200.npz	49ab0878c46247e54165f4a9a9b83a2da1786743a6266cb4fa6ddc0e23f5c20b	81508
GLACIER_results/preFRONTIERFIX/gl2_r13p25_cell_e07_s2_T30_lit_i5__hgx03_NVIDIAH200.npz	84976dcdff2d7b8b19a5c2058b9983ad7000d5169040ce102aaab2cb46106bf4	81508
GLACIER_results/preFRONTIERFIX/gl2_r13p25_cell_e07_s3_T30_lit_i0__hgx03_NVIDIAH200.npz	98086f9843c6ed69b29610c2633798832f57ba77a9516d5a79ff7c1cf2593bb3	81508
GLACIER_results/preFRONTIERFIX/gl2_r13p25_cell_e07_s3_T30_lit_i1__hgx03_NVIDIAH200.npz	70bf50e232376cc1862c6b5aa65b24abf032ca4a87e43d530f6f6731dfb75b7b	81508
GLACIER_results/preFRONTIERFIX/gl2_r13p25_cell_e07_s3_T30_lit_i2__hgx03_NVIDIAH200.npz	8d208a5b83ace8aaa71810bbaf17c7f81a0d7dc8289603e3956c507afbbc1f45	81508
GLACIER_results/preFRONTIERFIX/gl2_r13p25_cell_e07_s3_T30_lit_i3__hgx03_NVIDIAH200.npz	692a0384fde51122bd160e058aa8cad892607fce0f0c167f6a9b5aa35fb6c9d0	81508
GLACIER_results/preFRONTIERFIX/gl2_r13p25_cell_e07_s3_T30_lit_i4__hgx03_NVIDIAH200.npz	9ca22ecd15cbbe00b76aa085a9613bcb80941a623ed235e2ece694db118b2dc3	81508
GLACIER_results/preFRONTIERFIX/gl2_r13p25_cell_e07_s3_T30_lit_i5__hgx03_NVIDIAH200.npz	f841169cd15d14d7d69a9dcd9f714b6c6a9f2cdb439e81f1331bde1f26dc2c8a	81508
GLACIER_results/preFRONTIERFIX/gl2_r13p25_cell_none_s0_T30_lit_i0__hgx03_NVIDIAH200.npz	02ef6eff3941cd1c2604f129d411d2ce8cac5d2640678cb30339fb00e935fe6e	75002
GLACIER_results/preFRONTIERFIX/gl2_r13p25_cell_none_s0_T30_lit_i1__hgx03_NVIDIAH200.npz	ef197137e2e6395ef75efd0a478387b75dc05fecab0fd2bde1182d48f5e55b68	75002
GLACIER_results/preFRONTIERFIX/gl2_r13p25_cell_none_s0_T30_lit_i2__hgx03_NVIDIAH200.npz	85722e779eea65cda97c5b5de36638eff54f9baaff929009f488c01be7c49e44	75002
GLACIER_results/preFRONTIERFIX/gl2_r13p25_cell_none_s0_T30_lit_i3__hgx03_NVIDIAH200.npz	4a1b284ee2b90b9cf6cd3747d058c87ccb1ec17c552d485c235fb4a6202a44b5	75002
GLACIER_results/preFRONTIERFIX/gl2_r13p25_cell_none_s0_T30_lit_i4__hgx03_NVIDIAH200.npz	3236ce44e48093876e10a8b2fa9ddaf05b0a472bf7d2be444c779310d6cf1b31	75002
GLACIER_results/preFRONTIERFIX/gl2_r13p25_cell_none_s0_T30_lit_i5__hgx03_NVIDIAH200.npz	e5c39aa606bee391afc11331994907b2a5ae07418ac17bc366335fad7a05f4b9	75002
GLACIER_results/preFRONTIERFIX/gl2_r13p25_cell_none_s1_T30_lit_i0__hgx03_NVIDIAH200.npz	c5fc7da58f4a236ae2670cb430cc0973d1d576ece1be6967df4ebe4cdb4833dc	75002
GLACIER_results/preFRONTIERFIX/gl2_r13p25_cell_none_s1_T30_lit_i1__hgx03_NVIDIAH200.npz	695f2e2780140675850a51fe2e46626f7e620f2bf9e36ce1b447b17c9efd1778	75002
GLACIER_results/preFRONTIERFIX/gl2_r13p25_cell_none_s1_T30_lit_i2__hgx03_NVIDIAH200.npz	92f30bf2ba1dfac615083adb8fb05dee5dcf246d8225093cc2d7fe5cf03dd398	75002
GLACIER_results/preFRONTIERFIX/gl2_r13p25_cell_none_s1_T30_lit_i3__hgx03_NVIDIAH200.npz	5ccdc76e0250a212856045a5f7c4ba126da7e9e1492ed2d4a61e6df1194dad54	75002
GLACIER_results/preFRONTIERFIX/gl2_r13p25_cell_none_s1_T30_lit_i4__hgx03_NVIDIAH200.npz	d98a47a38c75614b0e29815b09b95cd47ebe57e0fb492054351b2c9f987be8f9	75002
GLACIER_results/preFRONTIERFIX/gl2_r13p25_cell_none_s1_T30_lit_i5__hgx03_NVIDIAH200.npz	7a1b1753889ebb428fce5c579daff5875bb54e0cb700ecbe2df8aa23e693a299	75002
GLACIER_results/preFRONTIERFIX/gl2_r13p25_cell_none_s2_T30_lit_i0__hgx03_NVIDIAH200.npz	78c20b6aaa82022f6e29a4aaf3e85d0099252e7056b43b6bd9b0e7b2996ebac7	75002
GLACIER_results/preFRONTIERFIX/gl2_r13p25_cell_none_s2_T30_lit_i1__hgx03_NVIDIAH200.npz	78efed17a3e451537617c178fedd4beb6e18e5c1ef864e4a3fa641c14e941c42	75002
GLACIER_results/preFRONTIERFIX/gl2_r13p25_cell_none_s2_T30_lit_i2__hgx03_NVIDIAH200.npz	50d5a7734ed5f3ea94e9df44645a65bb164b816f3e170df06d7779723ccf61a8	75002
GLACIER_results/preFRONTIERFIX/gl2_r13p25_cell_none_s2_T30_lit_i3__hgx03_NVIDIAH200.npz	98f72adaa0c6a239db6ab517e2085a939ed7d48bfa15a2006930eec162b51d52	75002
GLACIER_results/preFRONTIERFIX/gl2_r13p25_cell_none_s2_T30_lit_i4__hgx03_NVIDIAH200.npz	33a27e063a88efdd2f32181da9016c0505ecfbd5453815ad322102fca59af725	75002
GLACIER_results/preFRONTIERFIX/gl2_r13p25_cell_none_s2_T30_lit_i5__hgx03_NVIDIAH200.npz	ef934e6ba491276d4827c523ab990e1ae77af719c60f1364fe124ca61751a781	75002
GLACIER_results/preFRONTIERFIX/gl2_r13p25_cell_none_s3_T30_lit_i0__hgx03_NVIDIAH200.npz	3b9e67c156db5acb75940635a2bab3afe587bf189753fba3695184fcd1a1bbda	75002
GLACIER_results/preFRONTIERFIX/gl2_r13p25_cell_none_s3_T30_lit_i1__hgx03_NVIDIAH200.npz	d4f7f98754d5a0b3259a9aa98da07f40a9f378cdd653dc481c5c27cc0200c52b	75002
GLACIER_results/preFRONTIERFIX/gl2_r13p25_cell_none_s3_T30_lit_i2__hgx03_NVIDIAH200.npz	ea76437ee464cdc970f81f300392a9de888a7a9b38f741de3d3a67712628a431	75002
GLACIER_results/preFRONTIERFIX/gl2_r13p25_cell_none_s3_T30_lit_i3__hgx03_NVIDIAH200.npz	6e626c11ce2f165c2d0e84eec6bdd3f92ce438ce3baf720ce9894162fccabc1d	75002
GLACIER_results/preFRONTIERFIX/gl2_r13p25_cell_none_s3_T30_lit_i4__hgx03_NVIDIAH200.npz	aa048da705306edcf245b44a9e645ddd6cdd5d53c21e8770cb47f19af971e90f	75002
GLACIER_results/preFRONTIERFIX/gl2_r13p25_cell_none_s3_T30_lit_i5__hgx03_NVIDIAH200.npz	d8b45d26d8dca6743746bb8854ab58d0ad5f3ed9bf841261ab1859599bc318ae	75002
GLACIER_results/preFRONTIERFIX/gl2_r13p25_null0_e07_s0_T30_lit_i0__hgx03_NVIDIAH200.npz	318805ea62143e794914df7f2356ab636e27530fca1ef1cdb3c041ea0a166212	81508
GLACIER_results/preFRONTIERFIX/gl2_r13p25_null0_e07_s0_T30_lit_i1__hgx03_NVIDIAH200.npz	d61f1bcbe4749983d0963fabfcbc96f03b8522fed9fc056f1e0a688066a36554	81508
GLACIER_results/preFRONTIERFIX/gl2_r13p25_null0_e07_s0_T30_lit_i2__hgx03_NVIDIAH200.npz	e5b7e1a7c002c8d1e2dbd053809a2a0aacfd371019875fea21d8c66e177aaf03	81508
GLACIER_results/preFRONTIERFIX/gl2_r13p25_null0_e07_s0_T30_lit_i3__hgx03_NVIDIAH200.npz	e5535f5e7c465fa3ff14bfc2d96ca9508c84670e2bd30047b93b855fe8ac8eef	81508
GLACIER_results/preFRONTIERFIX/gl2_r13p25_null0_e07_s0_T30_lit_i4__hgx03_NVIDIAH200.npz	bcd8d14912b1a15a45484119c85f95b5bf1c84acb16dc5ba7e935abef2f2ceb5	81508
GLACIER_results/preFRONTIERFIX/gl2_r13p25_null0_e07_s0_T30_lit_i5__hgx03_NVIDIAH200.npz	553bd4bd8812558a021055cad9af966f88c5cdae07f9ee7f436ac86909c3f26d	81508
GLACIER_results/preFRONTIERFIX/gl2_r13p25_null0_e07_s1_T30_lit_i0__hgx03_NVIDIAH200.npz	f3e6fa582ab027f274826aafb8e7c3df4e01688d6cc9a153cce1240ba6150c9d	81508
GLACIER_results/preFRONTIERFIX/gl2_r13p25_null0_e07_s1_T30_lit_i1__hgx03_NVIDIAH200.npz	5f40657c53121bb2b519d442b7e2bc691bfd691d1945560d48301d73431554c2	81508
GLACIER_results/preFRONTIERFIX/gl2_r13p25_null0_e07_s1_T30_lit_i2__hgx03_NVIDIAH200.npz	441ec2d5dd6abfc263d96f1345040e0d7d2bd7b0530cac45f4d7f299e9133906	81508
GLACIER_results/preFRONTIERFIX/gl2_r13p25_null0_e07_s1_T30_lit_i3__hgx03_NVIDIAH200.npz	881d94926e3a45e3a3cec34bf957c03a6ee53952ed8c82beb52779e58e9a2825	81508
GLACIER_results/preFRONTIERFIX/gl2_r13p25_null0_e07_s1_T30_lit_i4__hgx03_NVIDIAH200.npz	1a0dc8ffa755e627bd18834bae5a6a52428388fb3f9f6ce9c8b4634aec48d159	81508
GLACIER_results/preFRONTIERFIX/gl2_r13p25_null0_e07_s1_T30_lit_i5__hgx03_NVIDIAH200.npz	744716f6d08e44616bd431509b1c663217d18e06379ce808400d0e93af2bfc88	81508
GLACIER_results/preFRONTIERFIX/gl2_r13p25_null1_e07_s0_T30_lit_i0__hgx03_NVIDIAH200.npz	12df8888cb4a5bb0b2aee0e40d7660c2028dd620982654d628fb6a8d1d8e1e73	81508
GLACIER_results/preFRONTIERFIX/gl2_r13p25_null1_e07_s0_T30_lit_i1__hgx03_NVIDIAH200.npz	f6a72d0031e33df799bd06ecbf919cd815890343c648f3ff03190947c8ea96d7	81508
GLACIER_results/preFRONTIERFIX/gl2_r13p25_null1_e07_s0_T30_lit_i2__hgx03_NVIDIAH200.npz	f16af1b59677acf238272712f3aa18f6639cb694377b656604388ebedafa8616	81508
GLACIER_results/preFRONTIERFIX/gl2_r13p25_null1_e07_s0_T30_lit_i3__hgx03_NVIDIAH200.npz	eebf0a6420b26de2c78f720a2cb292876f71904a5b2dd579fa45613f1f9073ad	81508
GLACIER_results/preFRONTIERFIX/gl2_r13p25_null1_e07_s0_T30_lit_i4__hgx03_NVIDIAH200.npz	a6d48e9fc11b9a50ad3de6c269bad07370a770350ec827d3ce36c4f4b23055f2	81508
GLACIER_results/preFRONTIERFIX/gl2_r13p25_null1_e07_s0_T30_lit_i5__hgx03_NVIDIAH200.npz	afb84c19fe8b7468909858724e397e780f79e6ee66e870371820a2d701665479	81508
GLACIER_results/preFRONTIERFIX/gl2_r13p25_null2_e07_s0_T30_lit_i0__hgx03_NVIDIAH200.npz	8ce9525cb506c97fa87388cf9cca7520bbdb8e6650b623e6050b491a346c30dc	81508
GLACIER_results/preFRONTIERFIX/gl2_r13p25_null2_e07_s0_T30_lit_i1__hgx03_NVIDIAH200.npz	ebe21f19e15312947e0c03da14d21c26c4e4fa87c65ac9210c3f700f04fb507a	81508
GLACIER_results/preFRONTIERFIX/gl2_r13p25_null2_e07_s0_T30_lit_i2__hgx03_NVIDIAH200.npz	eeda69eb83f9050339ee353713e846eaddb9e0b53cedecc2049020ab86f83388	81508
GLACIER_results/preFRONTIERFIX/gl2_r13p25_null2_e07_s0_T30_lit_i3__hgx03_NVIDIAH200.npz	a3ced16d57c1042f833af4efa7e4d9cb53c973631c4c003c90b8453a999d9d88	81508
GLACIER_results/preFRONTIERFIX/gl2_r13p25_null2_e07_s0_T30_lit_i4__hgx03_NVIDIAH200.npz	1762b893fefad0f8ea741ca7dd1c89713f176366ed3c7d27061a42f2c39cd4dd	81508
GLACIER_results/preFRONTIERFIX/gl2_r13p25_null2_e07_s0_T30_lit_i5__hgx03_NVIDIAH200.npz	e3f3e3c92f3c6dc5e9edbc673cd1bc9ed83b645bb669c91d077810952f91c0bb	81508
GLACIER_results/preFRONTIERFIX/gl2_r13p9_cell_e07_s0_T30_lit_i0__dgx03_NVIDIAA100-SXM4-80GB.npz	ab2ca37e06acdceb137973af5f0e065499cc793e9c6dbe74ce3c138d2d8b1d52	81548
GLACIER_results/preFRONTIERFIX/gl2_r13p9_cell_e07_s0_T30_lit_i1__dgx03_NVIDIAA100-SXM4-80GB.npz	411ae9bcad4d501536e16fcb6512b058f2dc560e72b10c3827ea2354c8a5951e	81548
GLACIER_results/preFRONTIERFIX/gl2_r13p9_cell_e07_s0_T30_lit_i2__dgx03_NVIDIAA100-SXM4-80GB.npz	50ed4cf2d0b488f4f6ede5b0e4adb6648f68b87e485e8126f3bca5e182151c0c	81548
GLACIER_results/preFRONTIERFIX/gl2_r13p9_cell_e07_s0_T30_lit_i3__dgx03_NVIDIAA100-SXM4-80GB.npz	44304f227cfc2b857448396689e5013e4ec3f20ead3b7c918e785b2221ce8b19	81548
GLACIER_results/preFRONTIERFIX/gl2_r13p9_cell_e07_s0_T30_lit_i4__dgx03_NVIDIAA100-SXM4-80GB.npz	7a634ad817b2f4262ab52ad70a89d598691423723b89ae078ede987bb6d0cacc	81548
GLACIER_results/preFRONTIERFIX/gl2_r13p9_cell_e07_s0_T30_lit_i5__dgx03_NVIDIAA100-SXM4-80GB.npz	8bed9b3dfa3bbb6bea8c5a5b0780e1d1208e1d3d38e8b44110df17202a71781a	81548
GLACIER_results/preFRONTIERFIX/gl2_r13p9_cell_e07_s1_T30_lit_i0__dgx03_NVIDIAA100-SXM4-80GB.npz	9a953e4033066e83fe2bdac877e768f4b6a0739a0ee20a2acb9c1dd9e340737d	81548
GLACIER_results/preFRONTIERFIX/gl2_r13p9_cell_e07_s1_T30_lit_i1__dgx03_NVIDIAA100-SXM4-80GB.npz	cee58c05f80bb4f89c766de7e48bc2e24a08ab976630b8fd4b8cc30f1a1d6fb9	81548
GLACIER_results/preFRONTIERFIX/gl2_r13p9_cell_e07_s1_T30_lit_i2__dgx03_NVIDIAA100-SXM4-80GB.npz	013fd729fab7c9d4f589a5aeb8016867be166c48d00fe5518b19313bb2fc48e0	81548
GLACIER_results/preFRONTIERFIX/gl2_r13p9_cell_e07_s1_T30_lit_i3__dgx03_NVIDIAA100-SXM4-80GB.npz	a3101053a44c47460269e301e733df25e9ed1daa686bd1ef4492fd0db4ec7a68	81548
GLACIER_results/preFRONTIERFIX/gl2_r13p9_cell_e07_s1_T30_lit_i4__dgx03_NVIDIAA100-SXM4-80GB.npz	3e410ee05a7028e233dae206a616fd54373b6742576306b2e0b978f277961d07	81548
GLACIER_results/preFRONTIERFIX/gl2_r13p9_cell_e07_s1_T30_lit_i5__dgx03_NVIDIAA100-SXM4-80GB.npz	a017ad9fe1057cead0f9ac8a9bee5ee727f0328d91c07892ea2cdaefbfc2266b	81548
